,_id,rater,alignment,quality,consistency,overall
0,677d856e8640497613a5ea32,Thomas,1,5,6,1
1,677d856e8640497613a5ea32,renz,1,10,10,1
2,677d856e8640497613a5ea32,ej,1,10,10,2
3,677d856e8640497613a5ea32,basil,0,10,10,0
4,677d856e8640497613a5ea35,Thomas,7,5,5,6
5,677d856e8640497613a5ea35,ej,8,8,9,8
6,677d856e8640497613a5ea35,basil,10,7,8,8
7,677d856e8640497613a5ea35,renz,9,4,3,6
8,677d856e8640497613a5ea36,sona,10,9,9,9
9,677d856e8640497613a5ea36,Thomas,10,9,9,9
10,677d856e8640497613a5ea36,ej,10,10,9,9
11,677d856e8640497613a5ea36,basil,10,7,6,7
12,677d856e8640497613a5ea36,renz,3,8,8,4
13,677d856e8640497613a5ea62,Thomas,10,8,10,8
14,677d856e8640497613a5ea62,sona,10,7,10,8
15,677d856e8640497613a5ea62,renz,10,9,8,10
16,677d856e8640497613a5ea62,basil,10,8,10,9
17,677d856e8640497613a5ea62,ej,10,10,10,10
18,677d856e8640497613a5ea91,Thomas,10,10,10,10
19,677d856e8640497613a5ea91,basil,10,10,10,10
20,677d856e8640497613a5ea91,renz,10,9,10,10
21,677d856e8640497613a5ea91,ej,10,10,10,10
22,677d856e8640497613a5eaa9,sona,5,3,5,3
23,677d856e8640497613a5eaa9,Thomas,1,4,8,1
24,677d856e8640497613a5eaa9,renz,1,7,8,1
25,677d856e8640497613a5eaa9,basil,0,9,9,1
26,677d856e8640497613a5eaa9,ej,2,9,9,3
27,677d856e8640497613a5eab6,sona,10,7,10,7
28,677d856e8640497613a5eab6,renz,9,10,10,9
29,677d856e8640497613a5eab6,ej,8,10,10,9
30,677d856e8640497613a5eab6,basil,10,10,10,10
31,677d856e8640497613a5eaba,ej,10,9,9,9
32,677d856e8640497613a5eaba,basil,10,9,7,8
33,677d856e8640497613a5eaba,renz,10,9,9,9
34,677d856e8640497613a5eac2,Thomas,8,7,10,7
35,677d856e8640497613a5eac2,ej,10,9,9,9
36,677d856e8640497613a5eac2,renz,10,10,9,10
37,677d856e8640497613a5eac2,basil,10,8,10,9
38,677d856e8640497613a5eac6,Thomas,6,9,10,6
39,677d856e8640497613a5eac6,basil,2,8,10,3
40,677d856e8640497613a5eac6,renz,7,7,9,7
41,677d856e8640497613a5eac6,ej,3,10,10,4
42,677d856e8640497613a5eac7,Thomas,10,8,8,9
43,677d856e8640497613a5eac7,sona,9,9,8,8
44,677d856e8640497613a5eac7,renz,8,8,9,8
45,677d856e8640497613a5eac7,basil,8,10,10,8
46,677d856e8640497613a5eac7,ej,10,10,10,10
47,677d856e8640497613a5eae7,Thomas,10,10,9,10
48,677d856e8640497613a5eae7,sona,10,6,5,7
49,677d856e8640497613a5eae7,ej,10,10,10,10
50,677d856e8640497613a5eae7,renz,9,10,10,9
51,677d856e8640497613a5eae7,basil,10,10,10,10
52,677d856e8640497613a5eaf6,sona,10,2,2,2
53,677d856e8640497613a5eaf6,Thomas,10,1,3,2
54,677d856e8640497613a5eaf6,renz,10,9,3,6
55,677d856e8640497613a5eaf6,ej,9,3,2,4
56,677d856e8640497613a5eaf6,basil,10,5,3,4
57,677d856e8640497613a5eb0a,Thomas,10,7,10,7
58,677d856e8640497613a5eb0a,basil,10,10,10,10
59,677d856e8640497613a5eb0a,renz,10,9,9,9
60,677d856e8640497613a5eb0a,ej,10,10,10,10
61,677d856e8640497613a5eb2d,renz,10,10,10,10
62,677d856e8640497613a5eb2d,ej,10,10,10,10
63,677d856e8640497613a5eb2d,basil,10,10,10,10
64,677d856e8640497613a5eb8a,sona,10,10,10,10
65,677d856e8640497613a5eb8a,Thomas,6,9,10,6
66,677d856e8640497613a5eb8a,basil,0,0,0,0
67,677d856e8640497613a5eb8a,renz,1,1,1,1
68,677d856e8640497613a5eb8a,ej,1,10,10,2
69,677d856e8640497613a5eb8e,ej,8,9,9,8
70,677d856e8640497613a5eb8e,renz,10,7,8,8
71,677d856e8640497613a5eb8e,basil,10,10,10,10
72,677d856e8640497613a5eba3,sona,10,10,10,10
73,677d856e8640497613a5eba3,Thomas,9,9,9,9
74,677d856e8640497613a5eba3,basil,10,8,10,8
75,677d856e8640497613a5eba3,renz,8,9,9,9
76,677d856e8640497613a5eba3,ej,8,10,10,9
77,677d856e8640497613a5ebc8,Thomas,10,9,10,9
78,677d856e8640497613a5ebc8,sona,10,9,7,8
79,677d856e8640497613a5ebc8,ej,9,9,9,9
80,677d856e8640497613a5ebc8,renz,6,8,8,6
81,677d856e8640497613a5ebc8,basil,10,10,10,10
82,677d856e8640497613a5ebf6,sona,10,10,10,10
83,677d856e8640497613a5ebf6,Thomas,10,10,10,10
84,677d856e8640497613a5ebf6,basil,10,10,9,10
85,677d856e8640497613a5ebf6,ej,10,10,10,10
86,677d856e8640497613a5ebf6,renz,10,10,10,10
87,677d856e8640497613a5ea11,Thomas,5,5,5,5
88,677d856e8640497613a5ea11,ej,1,10,10,2
89,677d856e8640497613a5ea11,renz,1,10,10,1
90,677d856e8640497613a5ea11,basil,0,10,10,0
91,677d856e8640497613a5ea16,renz,10,2,2,3
92,677d856e8640497613a5ea16,ej,10,3,3,4
93,677d856e8640497613a5ea16,basil,10,4,10,5
94,677d856e8640497613a5ea23,ej,10,10,10,10
95,677d856e8640497613a5ea23,renz,9,10,10,10
96,677d856e8640497613a5ea23,basil,10,10,10,10
97,677d856e8640497613a5ea2e,sona,10,7,10,9
98,677d856e8640497613a5ea2e,Thomas,6,2,4,4
99,677d856e8640497613a5ea2e,ej,3,2,2,3
100,677d856e8640497613a5ea2e,basil,2,3,8,3
101,677d856e8640497613a5ea2e,renz,10,8,10,10
102,677d856e8640497613a5ea3f,sona,10,10,10,10
103,677d856e8640497613a5ea3f,renz,10,9,9,10
104,677d856e8640497613a5ea3f,ej,10,10,10,10
105,677d856e8640497613a5ea3f,basil,10,9,9,9
106,677d856e8640497613a5ea41,sona,8,8,7,8
107,677d856e8640497613a5ea41,Thomas,9,4,4,6
108,677d856e8640497613a5ea41,renz,9,9,9,9
109,677d856e8640497613a5ea41,ej,9,9,9,9
110,677d856e8640497613a5ea41,basil,10,8,8,8
111,677d856e8640497613a5ea4a,ej,10,9,10,9
112,677d856e8640497613a5ea4a,renz,9,10,10,10
113,677d856e8640497613a5ea4a,basil,10,6,10,6
114,677d856e8640497613a5ea79,Thomas,1,2,2,2
115,677d856e8640497613a5ea79,renz,1,1,1,1
116,677d856e8640497613a5ea79,ej,3,4,2,3
117,677d856e8640497613a5ea79,basil,4,5,7,5
118,677d856e8640497613a5ea80,Thomas,10,4,7,4
119,677d856e8640497613a5ea80,ej,8,8,7,7
120,677d856e8640497613a5ea80,renz,7,2,2,2
121,677d856e8640497613a5ea80,basil,10,8,5,6
122,677d856e8640497613a5ea9c,Thomas,10,9,10,9
123,677d856e8640497613a5ea9c,basil,10,9,10,9
124,677d856e8640497613a5ea9c,renz,9,10,10,10
125,677d856e8640497613a5ea9c,ej,10,10,10,10
126,677d856e8640497613a5eaa1,sona,8,9,10,9
127,677d856e8640497613a5eaa1,basil,8,10,10,9
128,677d856e8640497613a5eaa1,renz,10,6,6,6
129,677d856e8640497613a5eaa1,ej,10,10,10,10
130,677d856e8640497613a5eae0,Thomas,10,9,10,9
131,677d856e8640497613a5eae0,ej,10,10,10,10
132,677d856e8640497613a5eae0,renz,10,9,10,10
133,677d856e8640497613a5eae0,basil,10,10,10,10
134,677d856e8640497613a5eae2,sona,4,4,4,4
135,677d856e8640497613a5eae2,Thomas,7,9,9,7
136,677d856e8640497613a5eae2,renz,10,9,9,10
137,677d856e8640497613a5eae2,ej,9,10,10,10
138,677d856e8640497613a5eae2,basil,10,10,10,10
139,677d856e8640497613a5eae8,Thomas,0,8,8,0
140,677d856e8640497613a5eae8,basil,1,1,1,1
141,677d856e8640497613a5eae8,renz,1,1,1,1
142,677d856e8640497613a5eae8,ej,3,8,7,5
143,677d856e8640497613a5eaeb,sona,10,6,9,9
144,677d856e8640497613a5eaeb,basil,10,8,8,8
145,677d856e8640497613a5eaeb,renz,10,6,6,7
146,677d856e8640497613a5eaeb,ej,10,10,10,10
147,677d856e8640497613a5eaf8,sona,9,2,3,2
148,677d856e8640497613a5eaf8,ej,2,2,7,4
149,677d856e8640497613a5eaf8,renz,9,6,6,7
150,677d856e8640497613a5eaf8,basil,6,3,10,4
151,677d856e8640497613a5eb0f,ej,9,10,10,10
152,677d856e8640497613a5eb0f,renz,10,9,10,10
153,677d856e8640497613a5eb0f,basil,8,10,10,8
154,677d856e8640497613a5eb2b,Thomas,9,6,9,7
155,677d856e8640497613a5eb2b,sona,5,2,4,4
156,677d856e8640497613a5eb2b,renz,3,1,3,1
157,677d856e8640497613a5eb2b,ej,9,8,7,7
158,677d856e8640497613a5eb2b,basil,10,3,10,4
159,677d856e8640497613a5eb49,Thomas,0,8,9,1
160,677d856e8640497613a5eb49,sona,3,3,2,2
161,677d856e8640497613a5eb49,renz,1,3,3,2
162,677d856e8640497613a5eb49,ej,1,3,8,2
163,677d856e8640497613a5eb49,basil,1,8,10,1
164,677d856e8640497613a5eba4,ej,10,10,10,10
165,677d856e8640497613a5eba4,renz,10,10,9,10
166,677d856e8640497613a5eba4,basil,10,10,10,10
167,677d856e8640497613a5eba7,ej,10,9,10,9
168,677d856e8640497613a5eba7,basil,10,8,10,8
169,677d856e8640497613a5eba7,renz,10,8,9,9
170,677d856e8640497613a5ebaf,sona,5,6,7,5
171,677d856e8640497613a5ebaf,Thomas,8,9,10,9
172,677d856e8640497613a5ebaf,renz,2,9,9,2
173,677d856e8640497613a5ebaf,ej,10,10,10,10
174,677d856e8640497613a5ebaf,basil,10,10,10,10
175,677d856e8640497613a5ebb1,Thomas,10,3,3,6
176,677d856e8640497613a5ebb1,basil,10,6,5,6
177,677d856e8640497613a5ebb1,renz,10,2,2,2
178,677d856e8640497613a5ebb1,ej,10,1,1,2
179,677d856e8640497613a5ea10,sona,7,5,6,6
180,677d856e8640497613a5ea10,ej,9,8,8,8
181,677d856e8640497613a5ea10,renz,10,10,10,10
182,677d856e8640497613a5ea10,basil,10,5,10,5
183,677d856e8640497613a5ea1e,Thomas,7,2,4,5
184,677d856e8640497613a5ea1e,sona,8,5,5,5
185,677d856e8640497613a5ea1e,ej,10,8,8,8
186,677d856e8640497613a5ea1e,renz,9,3,3,6
187,677d856e8640497613a5ea1e,basil,10,3,6,5
188,677d856e8640497613a5ea25,sona,10,5,5,6
189,677d856e8640497613a5ea25,renz,9,9,10,9
190,677d856e8640497613a5ea25,ej,10,10,10,10
191,677d856e8640497613a5ea25,basil,10,6,10,7
192,677d856e8640497613a5ea6c,Thomas,10,10,10,10
193,677d856e8640497613a5ea6c,renz,10,9,9,9
194,677d856e8640497613a5ea6c,ej,10,9,10,10
195,677d856e8640497613a5ea6c,basil,10,10,10,10
196,677d856e8640497613a5ea7c,Thomas,9,6,8,8
197,677d856e8640497613a5ea7c,renz,9,9,9,9
198,677d856e8640497613a5ea7c,ej,5,5,5,5
199,677d856e8640497613a5ea7c,basil,10,10,10,10
200,677d856e8640497613a5ea83,Thomas,10,10,10,10
201,677d856e8640497613a5ea83,renz,10,10,10,10
202,677d856e8640497613a5ea83,ej,10,10,10,10
203,677d856e8640497613a5ea83,basil,10,10,10,10
204,677d856e8640497613a5ea88,Thomas,1,9,9,2
205,677d856e8640497613a5ea88,sona,9,5,8,7
206,677d856e8640497613a5ea88,basil,2,6,10,6
207,677d856e8640497613a5ea88,ej,1,4,4,3
208,677d856e8640497613a5ea88,renz,2,2,2,2
209,677d856e8640497613a5eaa5,Thomas,8,7,8,7
210,677d856e8640497613a5eaa5,sona,6,4,3,4
211,677d856e8640497613a5eaa5,ej,10,9,9,9
212,677d856e8640497613a5eaa5,renz,7,6,7,7
213,677d856e8640497613a5eaa5,basil,1,4,5,1
214,677d856e8640497613a5eaa6,renz,9,10,10,9
215,677d856e8640497613a5eaa6,basil,10,10,10,10
216,677d856e8640497613a5eaa6,ej,10,10,10,10
217,677d856e8640497613a5eaae,sona,1,2,4,2
218,677d856e8640497613a5eaae,renz,0,10,10,0
219,677d856e8640497613a5eaae,ej,1,10,10,2
220,677d856e8640497613a5eaae,basil,0,1,10,0
221,677d856e8640497613a5ead1,Thomas,9,9,8,9
222,677d856e8640497613a5ead1,ej,9,9,7,8
223,677d856e8640497613a5ead1,renz,4,9,9,6
224,677d856e8640497613a5ead1,basil,10,10,10,10
225,677d856e8640497613a5eada,Thomas,10,8,8,9
226,677d856e8640497613a5eada,sona,10,10,10,10
227,677d856e8640497613a5eada,basil,10,10,8,9
228,677d856e8640497613a5eada,renz,10,10,9,10
229,677d856e8640497613a5eada,ej,10,10,10,10
230,677d856e8640497613a5eb02,Thomas,9,4,9,7
231,677d856e8640497613a5eb02,ej,10,8,8,8
232,677d856e8640497613a5eb02,basil,9,5,10,6
233,677d856e8640497613a5eb02,renz,10,6,7,7
234,677d856e8640497613a5eb05,Thomas,5,5,5,5
235,677d856e8640497613a5eb05,sona,5,5,6,6
236,677d856e8640497613a5eb05,ej,2,10,8,6
237,677d856e8640497613a5eb05,basil,6,9,9,7
238,677d856e8640497613a5eb05,renz,3,8,10,4
239,677d856e8640497613a5eb1c,sona,5,5,5,4
240,677d856e8640497613a5eb1c,Thomas,10,5,9,6
241,677d856e8640497613a5eb1c,renz,10,6,6,6
242,677d856e8640497613a5eb1c,ej,9,8,8,8
243,677d856e8640497613a5eb1c,basil,10,6,10,7
244,677d856e8640497613a5eb21,ej,10,8,8,8
245,677d856e8640497613a5eb21,renz,3,7,10,3
246,677d856e8640497613a5eb21,basil,6,4,8,5
247,677d856e8640497613a5eb29,Thomas,7,9,10,7
248,677d856e8640497613a5eb29,renz,10,10,10,10
249,677d856e8640497613a5eb29,ej,10,10,10,10
250,677d856e8640497613a5eb29,basil,10,10,10,10
251,677d856e8640497613a5eb2a,Thomas,10,10,10,10
252,677d856e8640497613a5eb2a,renz,10,9,9,10
253,677d856e8640497613a5eb2a,ej,10,10,10,10
254,677d856e8640497613a5eb2a,basil,10,6,6,6
255,677d856e8640497613a5eb3a,sona,10,4,6,4
256,677d856e8640497613a5eb3a,renz,10,8,10,9
257,677d856e8640497613a5eb3a,ej,10,10,10,10
258,677d856e8640497613a5eb3a,basil,10,10,10,10
259,677d856e8640497613a5eb3d,Thomas,9,7,8,8
260,677d856e8640497613a5eb3d,basil,10,9,8,9
261,677d856e8640497613a5eb3d,ej,9,8,10,8
262,677d856e8640497613a5eb3d,renz,10,8,9,9
263,677d856e8640497613a5eb3f,sona,5,4,6,5
264,677d856e8640497613a5eb3f,basil,2,6,10,2
265,677d856e8640497613a5eb3f,ej,4,7,7,6
266,677d856e8640497613a5eb3f,renz,2,10,10,3
267,677d856e8640497613a5eb4a,renz,10,9,10,10
268,677d856e8640497613a5eb4a,ej,10,10,10,10
269,677d856e8640497613a5eb4a,basil,10,10,10,10
270,677d856e8640497613a5eb6d,sona,2,2,3,2
271,677d856e8640497613a5eb6d,Thomas,2,2,7,1
272,677d856e8640497613a5eb6d,basil,1,1,1,1
273,677d856e8640497613a5eb6d,ej,2,3,7,5
274,677d856e8640497613a5eb6d,renz,2,10,10,3
275,677d856e8640497613a5eb90,renz,10,9,8,10
276,677d856e8640497613a5eb90,ej,10,8,8,8
277,677d856e8640497613a5eb90,basil,10,8,8,8
278,677d856e8640497613a5eb95,Thomas,10,10,10,10
279,677d856e8640497613a5eb95,basil,10,10,10,10
280,677d856e8640497613a5eb95,ej,10,10,10,10
281,677d856e8640497613a5eb95,renz,10,10,10,10
282,677d856e8640497613a5eba6,Thomas,10,4,7,7
283,677d856e8640497613a5eba6,renz,10,9,10,9
284,677d856e8640497613a5eba6,ej,10,10,10,10
285,677d856e8640497613a5eba6,basil,10,4,10,5
286,677d856e8640497613a5ebae,sona,10,9,10,9
287,677d856e8640497613a5ebae,ej,10,10,10,10
288,677d856e8640497613a5ebae,renz,10,9,9,9
289,677d856e8640497613a5ebae,basil,10,7,10,8
290,677d856e8640497613a5ebbd,ej,10,4,3,5
291,677d856e8640497613a5ebbd,basil,10,5,9,6
292,677d856e8640497613a5ebbd,renz,10,4,4,6
293,677d856e8640497613a5ebe8,ej,10,3,3,3
294,677d856e8640497613a5ebe8,renz,10,8,10,9
295,677d856e8640497613a5ebe8,basil,10,5,5,5
296,677d856e8640497613a5ebf2,Thomas,6,8,9,6
297,677d856e8640497613a5ebf2,sona,7,7,5,6
298,677d856e8640497613a5ebf2,renz,4,9,10,6
299,677d856e8640497613a5ebf2,ej,8,10,10,9
300,677d856e8640497613a5ebf2,basil,3,10,10,3
301,677d856e8640497613a5ea0e,sona,10,3,6,5
302,677d856e8640497613a5ea0e,renz,10,6,6,7
303,677d856e8640497613a5ea0e,ej,9,7,6,7
304,677d856e8640497613a5ea0e,basil,10,10,10,10
305,677d856e8640497613a5ea13,ej,10,8,9,9
306,677d856e8640497613a5ea13,renz,10,10,10,10
307,677d856e8640497613a5ea13,basil,10,10,10,10
308,677d856e8640497613a5ea1c,ej,10,7,6,7
309,677d856e8640497613a5ea1c,basil,10,8,10,9
310,677d856e8640497613a5ea1c,renz,10,8,9,9
311,677d856e8640497613a5ea1f,sona,10,6,7,7
312,677d856e8640497613a5ea1f,renz,10,8,8,9
313,677d856e8640497613a5ea1f,ej,2,10,10,3
314,677d856e8640497613a5ea1f,basil,0,5,10,0
315,677d856e8640497613a5ea29,sona,10,5,5,6
316,677d856e8640497613a5ea29,Thomas,10,6,9,7
317,677d856e8640497613a5ea29,basil,1,1,10,1
318,677d856e8640497613a5ea29,renz,1,1,1,1
319,677d856e8640497613a5ea29,ej,8,7,7,7
320,677d856e8640497613a5ea38,Thomas,6,2,3,3
321,677d856e8640497613a5ea38,sona,10,3,6,6
322,677d856e8640497613a5ea38,renz,7,3,4,3
323,677d856e8640497613a5ea38,ej,9,7,7,7
324,677d856e8640497613a5ea38,basil,10,5,5,5
325,677d856e8640497613a5ea3c,Thomas,2,4,2,2
326,677d856e8640497613a5ea3c,ej,10,7,7,7
327,677d856e8640497613a5ea3c,renz,9,8,8,8
328,677d856e8640497613a5ea3c,basil,10,5,10,6
329,677d856e8640497613a5ea45,Thomas,10,8,10,9
330,677d856e8640497613a5ea45,sona,10,6,10,7
331,677d856e8640497613a5ea45,basil,10,9,9,9
332,677d856e8640497613a5ea45,ej,10,10,10,10
333,677d856e8640497613a5ea45,renz,10,9,10,10
334,677d856e8640497613a5ea90,Thomas,8,6,7,7
335,677d856e8640497613a5ea90,renz,8,9,10,8
336,677d856e8640497613a5ea90,ej,10,9,9,9
337,677d856e8640497613a5ea90,basil,10,8,10,9
338,677d856e8640497613a5ea93,sona,10,4,8,6
339,677d856e8640497613a5ea93,renz,10,9,10,10
340,677d856e8640497613a5ea93,ej,10,8,8,8
341,677d856e8640497613a5ea93,basil,10,10,9,10
342,677d856e8640497613a5ea98,basil,10,2,3,3
343,677d856e8640497613a5ea98,renz,9,1,1,1
344,677d856e8640497613a5ea98,ej,10,9,9,9
345,677d856e8640497613a5eaa4,Thomas,10,9,9,9
346,677d856e8640497613a5eaa4,ej,9,10,9,9
347,677d856e8640497613a5eaa4,renz,9,10,10,10
348,677d856e8640497613a5eaa4,basil,10,10,10,10
349,677d856e8640497613a5eab7,Thomas,10,9,10,10
350,677d856e8640497613a5eab7,renz,10,9,10,10
351,677d856e8640497613a5eab7,ej,10,10,10,10
352,677d856e8640497613a5eab7,basil,10,10,10,10
353,677d856e8640497613a5eacc,basil,6,3,5,4
354,677d856e8640497613a5eacc,renz,1,9,9,2
355,677d856e8640497613a5eacc,ej,7,10,10,8
356,677d856e8640497613a5eadc,renz,10,9,10,10
357,677d856e8640497613a5eadc,basil,5,8,8,6
358,677d856e8640497613a5eadc,ej,10,10,10,10
359,677d856e8640497613a5eafe,sona,10,6,10,6
360,677d856e8640497613a5eafe,ej,10,9,10,10
361,677d856e8640497613a5eafe,basil,10,9,10,9
362,677d856e8640497613a5eafe,renz,8,7,10,8
363,677d856e8640497613a5eb09,Thomas,10,1,7,5
364,677d856e8640497613a5eb09,sona,7,1,5,2
365,677d856e8640497613a5eb09,ej,9,3,8,7
366,677d856e8640497613a5eb09,renz,10,3,3,4
367,677d856e8640497613a5eb09,basil,10,4,10,5
368,677d856e8640497613a5eb0b,Thomas,10,10,10,10
369,677d856e8640497613a5eb0b,ej,10,10,10,10
370,677d856e8640497613a5eb0b,basil,10,10,10,10
371,677d856e8640497613a5eb0b,renz,10,9,9,10
372,677d856e8640497613a5eb22,Thomas,1,5,5,5
373,677d856e8640497613a5eb22,sona,6,5,8,6
374,677d856e8640497613a5eb22,ej,1,8,10,3
375,677d856e8640497613a5eb22,basil,0,9,10,1
376,677d856e8640497613a5eb22,renz,1,10,10,1
377,677d856e8640497613a5eb25,Thomas,10,10,10,10
378,677d856e8640497613a5eb25,sona,10,10,10,10
379,677d856e8640497613a5eb25,renz,10,10,10,10
380,677d856e8640497613a5eb25,ej,10,10,10,10
381,677d856e8640497613a5eb25,basil,10,10,10,10
382,677d856e8640497613a5eb2c,Thomas,7,3,7,3
383,677d856e8640497613a5eb2c,sona,6,2,2,2
384,677d856e8640497613a5eb2c,basil,10,4,7,6
385,677d856e8640497613a5eb2c,renz,10,1,1,2
386,677d856e8640497613a5eb2c,ej,8,4,5,7
387,677d856e8640497613a5eb36,ej,10,10,10,10
388,677d856e8640497613a5eb36,renz,10,10,10,10
389,677d856e8640497613a5eb36,basil,10,9,10,10
390,677d856e8640497613a5eb38,Thomas,9,8,8,8
391,677d856e8640497613a5eb38,ej,10,10,10,10
392,677d856e8640497613a5eb38,basil,10,10,10,10
393,677d856e8640497613a5eb38,renz,10,10,10,10
394,677d856e8640497613a5eb3c,sona,8,6,4,4
395,677d856e8640497613a5eb3c,basil,10,4,6,6
396,677d856e8640497613a5eb3c,ej,10,10,10,10
397,677d856e8640497613a5eb3c,renz,10,8,10,9
398,677d856e8640497613a5eb45,Thomas,4,2,5,4
399,677d856e8640497613a5eb45,sona,8,5,4,4
400,677d856e8640497613a5eb45,basil,5,5,5,5
401,677d856e8640497613a5eb45,renz,7,9,9,8
402,677d856e8640497613a5eb45,ej,4,6,6,5
403,677d856e8640497613a5eb47,Thomas,4,4,5,5
404,677d856e8640497613a5eb47,basil,10,7,6,7
405,677d856e8640497613a5eb47,renz,1,9,9,1
406,677d856e8640497613a5eb47,ej,10,8,9,9
407,677d856e8640497613a5eb4f,Thomas,2,4,6,3
408,677d856e8640497613a5eb4f,ej,9,10,10,10
409,677d856e8640497613a5eb4f,renz,3,7,10,4
410,677d856e8640497613a5eb4f,basil,2,10,10,2
411,677d856e8640497613a5eb63,ej,10,10,10,10
412,677d856e8640497613a5eb63,renz,8,8,9,8
413,677d856e8640497613a5eb63,basil,10,6,10,7
414,677d856e8640497613a5eb64,Thomas,9,8,7,8
415,677d856e8640497613a5eb64,sona,10,10,10,10
416,677d856e8640497613a5eb64,basil,10,10,10,10
417,677d856e8640497613a5eb64,renz,8,7,9,7
418,677d856e8640497613a5eb64,ej,10,9,10,10
419,677d856e8640497613a5eb77,basil,10,7,10,8
420,677d856e8640497613a5eb77,renz,9,10,10,9
421,677d856e8640497613a5eb77,ej,10,10,10,10
422,677d856e8640497613a5eb84,Thomas,9,6,6,6
423,677d856e8640497613a5eb84,renz,9,2,2,2
424,677d856e8640497613a5eb84,ej,10,9,10,10
425,677d856e8640497613a5eb84,basil,10,4,10,5
426,677d856e8640497613a5eb91,sona,10,9,10,9
427,677d856e8640497613a5eb91,Thomas,10,10,10,10
428,677d856e8640497613a5eb91,basil,9,10,10,9
429,677d856e8640497613a5eb91,renz,10,9,9,9
430,677d856e8640497613a5eb91,ej,10,10,10,10
431,677d856e8640497613a5eba8,Thomas,9,7,8,8
432,677d856e8640497613a5eba8,renz,10,9,10,10
433,677d856e8640497613a5eba8,basil,10,9,10,9
434,677d856e8640497613a5eba8,ej,10,10,10,10
435,677d856e8640497613a5ebab,Thomas,8,7,9,8
436,677d856e8640497613a5ebab,renz,10,9,9,9
437,677d856e8640497613a5ebab,ej,10,9,8,9
438,677d856e8640497613a5ebab,basil,10,10,9,10
439,677d856e8640497613a5ebb6,sona,8,10,6,8
440,677d856e8640497613a5ebb6,renz,1,7,7,3
441,677d856e8640497613a5ebb6,ej,4,3,5,5
442,677d856e8640497613a5ebb6,basil,2,5,10,2
443,677d856e8640497613a5ea09,Thomas,7,6,7,7
444,677d856e8640497613a5ea09,renz,7,9,10,7
445,677d856e8640497613a5ea09,basil,5,5,5,5
446,677d856e8640497613a5ea09,ej,8,10,10,9
447,677d856e8640497613a5ea0d,Thomas,1,9,9,1
448,677d856e8640497613a5ea0d,basil,0,9,10,1
449,677d856e8640497613a5ea0d,renz,2,10,10,2
450,677d856e8640497613a5ea0d,ej,2,10,10,3
451,677d856e8640497613a5ea15,sona,5,6,8,5
452,677d856e8640497613a5ea15,Thomas,6,4,9,6
453,677d856e8640497613a5ea15,ej,8,10,10,9
454,677d856e8640497613a5ea15,renz,9,9,10,9
455,677d856e8640497613a5ea15,basil,7,10,10,8
456,677d856e8640497613a5ea17,Thomas,10,7,9,8
457,677d856e8640497613a5ea17,sona,9,8,10,9
458,677d856e8640497613a5ea17,basil,10,8,10,8
459,677d856e8640497613a5ea17,ej,10,10,10,10
460,677d856e8640497613a5ea17,renz,10,8,10,9
461,677d856e8640497613a5ea1d,sona,10,9,9,9
462,677d856e8640497613a5ea1d,basil,10,10,10,10
463,677d856e8640497613a5ea1d,renz,10,10,10,10
464,677d856e8640497613a5ea1d,ej,10,9,10,10
465,677d856e8640497613a5ea2a,sona,10,7,10,7
466,677d856e8640497613a5ea2a,ej,10,10,10,10
467,677d856e8640497613a5ea2a,basil,10,9,10,9
468,677d856e8640497613a5ea2a,renz,10,9,10,10
469,677d856e8640497613a5ea76,Thomas,3,3,5,3
470,677d856e8640497613a5ea76,renz,6,2,2,3
471,677d856e8640497613a5ea76,ej,10,6,5,6
472,677d856e8640497613a5ea76,basil,5,6,6,6
473,677d856e8640497613a5ea86,sona,10,4,5,6
474,677d856e8640497613a5ea86,Thomas,10,9,9,9
475,677d856e8640497613a5ea86,ej,10,10,10,10
476,677d856e8640497613a5ea86,basil,10,10,9,9
477,677d856e8640497613a5ea86,renz,10,8,7,8
478,677d856e8640497613a5eab1,Thomas,3,3,3,3
479,677d856e8640497613a5eab1,renz,1,6,4,1
480,677d856e8640497613a5eab1,ej,1,6,6,3
481,677d856e8640497613a5eab1,basil,1,5,10,1
482,677d856e8640497613a5eabd,Thomas,5,4,3,4
483,677d856e8640497613a5eabd,renz,4,6,7,4
484,677d856e8640497613a5eabd,ej,2,4,3,4
485,677d856e8640497613a5eabd,basil,5,8,10,6
486,677d856e8640497613a5eac8,Thomas,9,9,9,9
487,677d856e8640497613a5eac8,basil,10,8,9,8
488,677d856e8640497613a5eac8,renz,10,8,8,10
489,677d856e8640497613a5eac8,ej,10,10,10,10
490,677d856e8640497613a5eacb,Thomas,8,7,6,6
491,677d856e8640497613a5eacb,ej,10,10,10,10
492,677d856e8640497613a5eacb,renz,9,8,7,7
493,677d856e8640497613a5eacb,basil,10,10,10,10
494,677d856e8640497613a5eaec,Thomas,7,4,5,5
495,677d856e8640497613a5eaec,sona,9,5,5,4
496,677d856e8640497613a5eaec,ej,10,9,9,9
497,677d856e8640497613a5eaec,renz,9,3,7,4
498,677d856e8640497613a5eaec,basil,10,2,10,3
499,677d856e8640497613a5eaef,sona,10,10,10,10
500,677d856e8640497613a5eaef,Thomas,7,5,8,6
501,677d856e8640497613a5eaef,renz,2,8,10,2
502,677d856e8640497613a5eaef,basil,10,10,10,10
503,677d856e8640497613a5eaef,ej,10,10,10,10
504,677d856e8640497613a5eaf9,Thomas,6,7,9,7
505,677d856e8640497613a5eaf9,renz,7,9,7,7
506,677d856e8640497613a5eaf9,ej,4,7,7,6
507,677d856e8640497613a5eaf9,basil,2,10,10,2
508,677d856e8640497613a5eafc,sona,10,10,10,10
509,677d856e8640497613a5eafc,Thomas,8,9,10,9
510,677d856e8640497613a5eafc,renz,10,10,10,10
511,677d856e8640497613a5eafc,ej,10,10,10,10
512,677d856e8640497613a5eafc,basil,10,10,10,10
513,677d856e8640497613a5eb00,Thomas,2,2,7,2
514,677d856e8640497613a5eb00,basil,2,5,6,6
515,677d856e8640497613a5eb00,renz,10,2,2,4
516,677d856e8640497613a5eb00,ej,10,8,8,8
517,677d856e8640497613a5eb58,sona,10,10,7,8
518,677d856e8640497613a5eb58,renz,10,10,8,10
519,677d856e8640497613a5eb58,basil,10,10,10,10
520,677d856e8640497613a5eb58,ej,10,10,10,10
521,677d856e8640497613a5eb97,Thomas,1,4,5,1
522,677d856e8640497613a5eb97,renz,1,6,6,1
523,677d856e8640497613a5eb97,ej,2,8,9,8
524,677d856e8640497613a5eb97,basil,0,5,9,0
525,677d856e8640497613a5eba5,Thomas,3,2,1,2
526,677d856e8640497613a5eba5,sona,2,2,2,1
527,677d856e8640497613a5eba5,ej,9,3,3,4
528,677d856e8640497613a5eba5,basil,10,3,2,3
529,677d856e8640497613a5eba5,renz,10,1,1,2
530,677d856e8640497613a5ebac,sona,4,3,10,4
531,677d856e8640497613a5ebac,ej,1,10,10,2
532,677d856e8640497613a5ebac,renz,1,10,10,1
533,677d856e8640497613a5ebac,basil,0,8,10,1
534,677d856e8640497613a5ebbb,Thomas,10,4,4,4
535,677d856e8640497613a5ebbb,renz,10,4,4,4
536,677d856e8640497613a5ebbb,ej,10,3,7,6
537,677d856e8640497613a5ebbb,basil,10,4,10,6
538,677d856e8640497613a5ebc5,Thomas,9,1,1,2
539,677d856e8640497613a5ebc5,basil,9,7,6,7
540,677d856e8640497613a5ebc5,ej,9,7,6,7
541,677d856e8640497613a5ebc5,renz,9,7,6,7
542,677d856e8640497613a5ebd4,Thomas,9,2,3,3
543,677d856e8640497613a5ebd4,sona,5,3,7,4
544,677d856e8640497613a5ebd4,basil,10,4,6,5
545,677d856e8640497613a5ebd4,renz,1,6,8,1
546,677d856e8640497613a5ebd4,ej,10,9,9,9
547,677d856e8640497613a5ebe6,Thomas,10,7,8,7
548,677d856e8640497613a5ebe6,sona,10,4,5,5
549,677d856e8640497613a5ebe6,renz,10,9,10,10
550,677d856e8640497613a5ebe6,ej,10,10,10,10
551,677d856e8640497613a5ebe6,basil,10,10,10,10
552,677d856e8640497613a5ebea,Thomas,10,10,10,10
553,677d856e8640497613a5ebea,ej,8,10,10,9
554,677d856e8640497613a5ebea,renz,6,10,10,6
555,677d856e8640497613a5ebea,basil,8,10,10,9
556,677d856e8640497613a5ebf5,Thomas,9,9,8,9
557,677d856e8640497613a5ebf5,sona,5,7,9,7
558,677d856e8640497613a5ebf5,renz,7,10,10,8
559,677d856e8640497613a5ebf5,basil,8,8,9,8
560,677d856e8640497613a5ebf5,ej,9,10,10,10
561,677d856e8640497613a5ea19,sona,10,4,3,3
562,677d856e8640497613a5ea19,ej,10,7,9,8
563,677d856e8640497613a5ea19,renz,10,1,1,3
564,677d856e8640497613a5ea19,basil,10,8,10,8
565,677d856e8640497613a5ea1b,Thomas,0,1,5,1
566,677d856e8640497613a5ea1b,sona,6,1,2,1
567,677d856e8640497613a5ea1b,ej,1,9,9,5
568,677d856e8640497613a5ea1b,basil,0,9,10,0
569,677d856e8640497613a5ea1b,renz,1,9,9,1
570,677d856e8640497613a5ea2f,ej,9,10,10,10
571,677d856e8640497613a5ea2f,renz,6,7,7,7
572,677d856e8640497613a5ea2f,basil,10,10,10,10
573,677d856e8640497613a5ea39,Thomas,7,5,5,6
574,677d856e8640497613a5ea39,ej,7,8,8,8
575,677d856e8640497613a5ea39,basil,10,5,10,6
576,677d856e8640497613a5ea39,renz,10,8,10,9
577,677d856e8640497613a5ea44,renz,10,10,10,10
578,677d856e8640497613a5ea44,ej,10,10,10,10
579,677d856e8640497613a5ea44,basil,10,10,10,10
580,677d856e8640497613a5ea46,sona,10,2,2,2
581,677d856e8640497613a5ea46,basil,10,7,6,7
582,677d856e8640497613a5ea46,renz,10,6,6,7
583,677d856e8640497613a5ea46,ej,10,9,8,9
584,677d856e8640497613a5ea4b,Thomas,8,7,8,8
585,677d856e8640497613a5ea4b,renz,9,8,8,8
586,677d856e8640497613a5ea4b,ej,10,10,10,10
587,677d856e8640497613a5ea4b,basil,10,9,10,9
588,677d856e8640497613a5ea4d,sona,10,7,9,8
589,677d856e8640497613a5ea4d,ej,10,10,10,10
590,677d856e8640497613a5ea4d,renz,9,8,8,8
591,677d856e8640497613a5ea4d,basil,10,10,10,10
592,677d856e8640497613a5ea7d,sona,10,10,6,8
593,677d856e8640497613a5ea7d,renz,1,10,10,1
594,677d856e8640497613a5ea7d,basil,1,10,10,1
595,677d856e8640497613a5ea7d,ej,7,10,10,8
596,677d856e8640497613a5ea8b,Thomas,10,8,9,9
597,677d856e8640497613a5ea8b,basil,10,9,10,9
598,677d856e8640497613a5ea8b,renz,10,10,10,10
599,677d856e8640497613a5ea8b,ej,8,10,10,9
600,677d856e8640497613a5eab2,ej,10,10,9,10
601,677d856e8640497613a5eab2,renz,10,9,10,10
602,677d856e8640497613a5eab2,basil,10,9,10,10
603,677d856e8640497613a5eab8,sona,10,10,10,10
604,677d856e8640497613a5eab8,Thomas,10,10,10,10
605,677d856e8640497613a5eab8,renz,10,9,9,9
606,677d856e8640497613a5eab8,ej,10,10,10,10
607,677d856e8640497613a5eab8,basil,10,10,10,10
608,677d856e8640497613a5eae3,renz,8,9,9,9
609,677d856e8640497613a5eae3,ej,8,10,10,9
610,677d856e8640497613a5eae3,basil,6,10,10,7
611,677d856e8640497613a5eae4,Thomas,8,7,10,8
612,677d856e8640497613a5eae4,ej,10,10,9,10
613,677d856e8640497613a5eae4,basil,6,10,10,6
614,677d856e8640497613a5eae4,renz,10,9,9,9
615,677d856e8640497613a5eaee,sona,10,6,6,6
616,677d856e8640497613a5eaee,renz,10,9,8,9
617,677d856e8640497613a5eaee,ej,10,9,9,9
618,677d856e8640497613a5eaee,basil,10,9,10,9
619,677d856e8640497613a5eb0c,renz,10,9,9,10
620,677d856e8640497613a5eb0c,ej,10,10,9,10
621,677d856e8640497613a5eb0c,basil,10,9,9,9
622,677d856e8640497613a5eb1a,sona,10,5,6,6
623,677d856e8640497613a5eb1a,basil,10,9,10,9
624,677d856e8640497613a5eb1a,renz,9,8,8,8
625,677d856e8640497613a5eb1a,ej,10,10,10,10
626,677d856e8640497613a5eb33,Thomas,10,10,10,10
627,677d856e8640497613a5eb33,basil,10,10,10,10
628,677d856e8640497613a5eb33,ej,10,10,10,10
629,677d856e8640497613a5eb33,renz,10,10,10,10
630,677d856e8640497613a5eb3b,Thomas,10,9,9,9
631,677d856e8640497613a5eb3b,ej,9,10,10,10
632,677d856e8640497613a5eb3b,basil,10,8,10,9
633,677d856e8640497613a5eb3b,renz,9,10,10,9
634,677d856e8640497613a5eb4b,basil,10,7,8,8
635,677d856e8640497613a5eb4b,renz,10,8,9,8
636,677d856e8640497613a5eb4b,ej,10,10,8,9
637,677d856e8640497613a5eb55,basil,10,6,5,6
638,677d856e8640497613a5eb55,ej,10,7,7,7
639,677d856e8640497613a5eb55,renz,9,2,2,3
640,677d856e8640497613a5eb66,Thomas,10,8,8,9
641,677d856e8640497613a5eb66,basil,10,9,10,9
642,677d856e8640497613a5eb66,ej,8,10,10,9
643,677d856e8640497613a5eb66,renz,8,10,10,9
644,677d856e8640497613a5ebb3,sona,8,3,4,3
645,677d856e8640497613a5ebb3,basil,0,0,0,0
646,677d856e8640497613a5ebb3,renz,1,1,1,1
647,677d856e8640497613a5ebb3,ej,1,10,10,2
648,677d856e8640497613a5ebc4,Thomas,10,9,10,10
649,677d856e8640497613a5ebc4,basil,10,8,10,9
650,677d856e8640497613a5ebc4,renz,10,8,10,9
651,677d856e8640497613a5ebc4,ej,10,10,10,10
652,677d856e8640497613a5ebdd,ej,10,10,9,10
653,677d856e8640497613a5ebdd,renz,10,9,9,9
654,677d856e8640497613a5ebdd,basil,10,10,10,10
655,677d856e8640497613a5ebe3,ej,10,10,10,10
656,677d856e8640497613a5ebe3,basil,10,10,10,10
657,677d856e8640497613a5ebe3,renz,10,10,9,10
658,677d856e8640497613a5ebec,sona,10,4,5,4
659,677d856e8640497613a5ebec,renz,9,8,8,8
660,677d856e8640497613a5ebec,ej,10,9,9,9
661,677d856e8640497613a5ebec,basil,10,5,10,6
662,677d856e8640497613a5ea31,sona,7,4,5,5
663,677d856e8640497613a5ea31,ej,10,8,8,8
664,677d856e8640497613a5ea31,renz,9,9,10,9
665,677d856e8640497613a5ea31,basil,10,9,10,10
666,677d856e8640497613a5ea49,sona,10,7,9,10
667,677d856e8640497613a5ea49,Thomas,3,2,10,2
668,677d856e8640497613a5ea49,ej,9,4,8,7
669,677d856e8640497613a5ea49,renz,10,6,8,7
670,677d856e8640497613a5ea49,basil,10,3,10,4
671,677d856e8640497613a5ea54,ej,10,10,9,9
672,677d856e8640497613a5ea54,basil,10,9,9,9
673,677d856e8640497613a5ea54,renz,10,10,8,10
674,677d856e8640497613a5ea59,sona,8,9,10,9
675,677d856e8640497613a5ea59,basil,10,10,10,10
676,677d856e8640497613a5ea59,renz,10,8,10,9
677,677d856e8640497613a5ea59,ej,10,10,10,10
678,677d856e8640497613a5ea6f,Thomas,9,7,7,7
679,677d856e8640497613a5ea6f,sona,10,9,8,8
680,677d856e8640497613a5ea6f,renz,10,9,9,9
681,677d856e8640497613a5ea6f,ej,10,10,10,10
682,677d856e8640497613a5ea6f,basil,10,10,10,10
683,677d856e8640497613a5ea71,sona,8,6,5,5
684,677d856e8640497613a5ea71,renz,10,8,7,8
685,677d856e8640497613a5ea71,ej,8,7,9,7
686,677d856e8640497613a5ea71,basil,10,5,10,6
687,677d856e8640497613a5ea74,Thomas,9,8,9,9
688,677d856e8640497613a5ea74,basil,10,5,10,6
689,677d856e8640497613a5ea74,renz,10,4,4,6
690,677d856e8640497613a5ea74,ej,10,7,9,8
691,677d856e8640497613a5ea7b,sona,10,9,9,9
692,677d856e8640497613a5ea7b,Thomas,7,7,7,7
693,677d856e8640497613a5ea7b,renz,8,4,6,4
694,677d856e8640497613a5ea7b,basil,10,6,10,6
695,677d856e8640497613a5ea7b,ej,8,8,8,8
696,677d856e8640497613a5ea7e,basil,1,2,10,1
697,677d856e8640497613a5ea7e,ej,9,10,10,10
698,677d856e8640497613a5ea7e,renz,1,10,10,2
699,677d856e8640497613a5ea85,Thomas,10,6,9,7
700,677d856e8640497613a5ea85,sona,10,6,8,8
701,677d856e8640497613a5ea85,renz,10,8,10,9
702,677d856e8640497613a5ea85,basil,10,8,9,9
703,677d856e8640497613a5ea85,ej,10,8,8,9
704,677d856e8640497613a5ea8e,sona,10,10,10,10
705,677d856e8640497613a5ea8e,Thomas,10,10,10,10
706,677d856e8640497613a5ea8e,renz,10,10,10,10
707,677d856e8640497613a5ea8e,basil,10,10,10,10
708,677d856e8640497613a5ea8e,ej,10,10,10,10
709,677d856e8640497613a5ea9a,sona,6,4,6,4
710,677d856e8640497613a5ea9a,Thomas,1,2,3,2
711,677d856e8640497613a5ea9a,basil,1,2,10,2
712,677d856e8640497613a5ea9a,renz,8,10,8,9
713,677d856e8640497613a5ea9a,ej,2,7,8,5
714,677d856e8640497613a5ea9d,ej,2,10,10,3
715,677d856e8640497613a5ea9d,renz,1,10,10,1
716,677d856e8640497613a5ea9d,basil,0,9,10,1
717,677d856e8640497613a5eabe,ej,2,8,9,2
718,677d856e8640497613a5eabe,basil,5,5,5,5
719,677d856e8640497613a5eabe,renz,10,10,10,10
720,677d856e8640497613a5eabf,Thomas,10,8,9,9
721,677d856e8640497613a5eabf,sona,10,4,4,6
722,677d856e8640497613a5eabf,renz,10,9,9,10
723,677d856e8640497613a5eabf,ej,10,9,9,9
724,677d856e8640497613a5eabf,basil,10,9,10,10
725,677d856e8640497613a5eaf1,sona,8,7,7,7
726,677d856e8640497613a5eaf1,Thomas,8,7,10,8
727,677d856e8640497613a5eaf1,basil,10,8,7,8
728,677d856e8640497613a5eaf1,ej,10,9,8,9
729,677d856e8640497613a5eaf1,renz,9,10,10,9
730,677d856e8640497613a5eb06,Thomas,3,7,8,4
731,677d856e8640497613a5eb06,basil,9,10,10,9
732,677d856e8640497613a5eb06,renz,9,9,9,9
733,677d856e8640497613a5eb06,ej,10,10,10,10
734,677d856e8640497613a5eb11,Thomas,8,8,7,8
735,677d856e8640497613a5eb11,renz,4,7,9,4
736,677d856e8640497613a5eb11,ej,2,10,10,2
737,677d856e8640497613a5eb11,basil,0,6,10,0
738,677d856e8640497613a5eb1d,Thomas,8,8,8,8
739,677d856e8640497613a5eb1d,sona,7,5,2,3
740,677d856e8640497613a5eb1d,renz,9,9,6,8
741,677d856e8640497613a5eb1d,ej,9,10,10,10
742,677d856e8640497613a5eb1d,basil,10,8,10,8
743,677d856e8640497613a5eb46,sona,10,7,10,9
744,677d856e8640497613a5eb46,Thomas,10,6,5,7
745,677d856e8640497613a5eb46,renz,10,8,7,8
746,677d856e8640497613a5eb46,basil,10,10,10,10
747,677d856e8640497613a5eb46,ej,10,10,10,10
748,677d856e8640497613a5eb53,Thomas,10,7,9,8
749,677d856e8640497613a5eb53,sona,10,5,10,8
750,677d856e8640497613a5eb53,renz,10,9,8,9
751,677d856e8640497613a5eb53,basil,9,7,9,8
752,677d856e8640497613a5eb53,ej,10,9,9,9
753,677d856e8640497613a5eba1,sona,9,10,8,9
754,677d856e8640497613a5eba1,renz,8,10,10,8
755,677d856e8640497613a5eba1,basil,10,10,10,10
756,677d856e8640497613a5eba1,ej,10,10,10,10
757,677d856e8640497613a5ebb9,Thomas,8,7,9,7
758,677d856e8640497613a5ebb9,renz,10,7,8,7
759,677d856e8640497613a5ebb9,ej,9,2,3,4
760,677d856e8640497613a5ebb9,basil,10,6,5,6
761,677d856e8640497613a5ebbc,Thomas,10,8,10,9
762,677d856e8640497613a5ebbc,renz,10,7,6,8
763,677d856e8640497613a5ebbc,ej,10,10,10,10
764,677d856e8640497613a5ebbc,basil,10,10,10,10
765,677d856e8640497613a5ebc1,sona,10,8,9,8
766,677d856e8640497613a5ebc1,Thomas,10,7,7,8
767,677d856e8640497613a5ebc1,basil,10,9,10,9
768,677d856e8640497613a5ebc1,renz,9,7,9,9
769,677d856e8640497613a5ebc1,ej,10,9,10,10
770,677d856e8640497613a5ebdb,Thomas,8,8,10,9
771,677d856e8640497613a5ebdb,renz,7,9,9,8
772,677d856e8640497613a5ebdb,ej,10,9,10,10
773,677d856e8640497613a5ebdb,basil,10,10,10,10
774,677d856e8640497613a5ea0f,Thomas,1,9,10,1
775,677d856e8640497613a5ea0f,basil,1,10,10,2
776,677d856e8640497613a5ea0f,ej,1,10,10,2
777,677d856e8640497613a5ea0f,renz,1,10,10,1
778,677d856e8640497613a5ea1a,Thomas,10,4,4,4
779,677d856e8640497613a5ea1a,basil,10,7,10,8
780,677d856e8640497613a5ea1a,renz,8,2,2,4
781,677d856e8640497613a5ea1a,ej,10,9,10,10
782,677d856e8640497613a5ea34,Thomas,9,7,8,8
783,677d856e8640497613a5ea34,ej,10,8,8,8
784,677d856e8640497613a5ea34,renz,1,4,3,3
785,677d856e8640497613a5ea34,basil,10,3,9,5
786,677d856e8640497613a5ea3e,sona,10,5,3,5
787,677d856e8640497613a5ea3e,basil,10,7,6,6
788,677d856e8640497613a5ea3e,ej,10,9,10,10
789,677d856e8640497613a5ea3e,renz,10,10,9,10
790,677d856e8640497613a5ea51,Thomas,10,8,9,9
791,677d856e8640497613a5ea51,renz,10,10,10,10
792,677d856e8640497613a5ea51,ej,10,10,10,10
793,677d856e8640497613a5ea51,basil,10,10,10,10
794,677d856e8640497613a5ea5a,Thomas,2,2,2,2
795,677d856e8640497613a5ea5a,ej,3,2,3,3
796,677d856e8640497613a5ea5a,renz,3,1,1,2
797,677d856e8640497613a5ea5a,basil,2,3,10,1
798,677d856e8640497613a5ea64,Thomas,8,5,7,7
799,677d856e8640497613a5ea64,renz,6,3,7,4
800,677d856e8640497613a5ea64,basil,10,6,10,6
801,677d856e8640497613a5ea64,ej,8,7,9,7
802,677d856e8640497613a5ea65,sona,5,5,3,4
803,677d856e8640497613a5ea65,basil,3,3,4,3
804,677d856e8640497613a5ea65,renz,7,10,10,8
805,677d856e8640497613a5ea65,ej,8,8,10,9
806,677d856e8640497613a5ea6a,Thomas,1,3,4,2
807,677d856e8640497613a5ea6a,renz,1,4,7,1
808,677d856e8640497613a5ea6a,ej,2,5,4,3
809,677d856e8640497613a5ea6a,basil,0,2,5,0
810,677d856e8640497613a5ea77,Thomas,8,7,9,8
811,677d856e8640497613a5ea77,sona,6,5,7,6
812,677d856e8640497613a5ea77,renz,9,9,10,9
813,677d856e8640497613a5ea77,ej,10,10,10,10
814,677d856e8640497613a5ea77,basil,10,10,10,10
815,677d856e8640497613a5ea84,sona,5,3,4,4
816,677d856e8640497613a5ea84,ej,6,1,1,2
817,677d856e8640497613a5ea84,basil,5,3,5,5
818,677d856e8640497613a5ea84,renz,6,3,3,3
819,677d856e8640497613a5ea9f,Thomas,1,1,1,1
820,677d856e8640497613a5ea9f,renz,3,4,3,3
821,677d856e8640497613a5ea9f,basil,1,0,0,0
822,677d856e8640497613a5ea9f,ej,2,3,4,3
823,677d856e8640497613a5eaa0,Thomas,10,10,10,10
824,677d856e8640497613a5eaa0,ej,10,10,10,10
825,677d856e8640497613a5eaa0,basil,10,10,10,10
826,677d856e8640497613a5eaa0,renz,9,9,10,9
827,677d856e8640497613a5eab5,renz,10,9,7,8
828,677d856e8640497613a5eab5,ej,10,7,8,8
829,677d856e8640497613a5eab5,basil,10,5,10,6
830,677d856e8640497613a5ead2,renz,10,9,9,10
831,677d856e8640497613a5ead2,ej,10,10,10,10
832,677d856e8640497613a5ead2,basil,10,9,10,10
833,677d856e8640497613a5eb1b,sona,10,10,9,9
834,677d856e8640497613a5eb1b,ej,10,10,10,10
835,677d856e8640497613a5eb1b,renz,10,1,1,2
836,677d856e8640497613a5eb1b,basil,10,6,10,6
837,677d856e8640497613a5eb1e,sona,10,5,3,5
838,677d856e8640497613a5eb1e,Thomas,8,8,9,8
839,677d856e8640497613a5eb1e,basil,10,9,9,9
840,677d856e8640497613a5eb1e,ej,10,9,8,9
841,677d856e8640497613a5eb1e,renz,9,10,10,9
842,677d856e8640497613a5eb23,sona,1,5,5,4
843,677d856e8640497613a5eb23,Thomas,2,4,5,2
844,677d856e8640497613a5eb23,renz,6,9,10,8
845,677d856e8640497613a5eb23,ej,1,2,6,5
846,677d856e8640497613a5eb23,basil,0,1,10,0
847,677d856e8640497613a5eb30,sona,10,7,7,7
848,677d856e8640497613a5eb30,basil,10,8,7,8
849,677d856e8640497613a5eb30,renz,10,4,8,6
850,677d856e8640497613a5eb30,ej,10,10,9,10
851,677d856e8640497613a5eb51,Thomas,6,6,8,6
852,677d856e8640497613a5eb51,renz,8,10,10,8
853,677d856e8640497613a5eb51,basil,3,3,10,3
854,677d856e8640497613a5eb51,ej,10,9,10,10
855,677d856e8640497613a5eb5c,Thomas,9,8,9,9
856,677d856e8640497613a5eb5c,renz,7,10,9,8
857,677d856e8640497613a5eb5c,ej,9,10,10,10
858,677d856e8640497613a5eb5c,basil,10,4,10,5
859,677d856e8640497613a5eb6a,Thomas,9,6,6,6
860,677d856e8640497613a5eb6a,ej,5,2,3,3
861,677d856e8640497613a5eb6a,renz,10,9,1,7
862,677d856e8640497613a5eb6a,basil,10,4,9,5
863,677d856e8640497613a5eb7e,sona,10,8,9,8
864,677d856e8640497613a5eb7e,basil,10,9,10,9
865,677d856e8640497613a5eb7e,ej,10,10,9,10
866,677d856e8640497613a5eb7e,renz,10,10,9,10
867,677d856e8640497613a5eb80,sona,6,8,7,7
868,677d856e8640497613a5eb80,renz,9,4,9,6
869,677d856e8640497613a5eb80,ej,7,10,10,8
870,677d856e8640497613a5eb80,basil,4,5,10,6
871,677d856e8640497613a5eb85,sona,10,5,6,6
872,677d856e8640497613a5eb85,Thomas,10,4,8,5
873,677d856e8640497613a5eb85,ej,10,10,10,10
874,677d856e8640497613a5eb85,renz,10,6,8,6
875,677d856e8640497613a5eb85,basil,10,5,9,6
876,677d856e8640497613a5ebd7,Thomas,9,8,10,9
877,677d856e8640497613a5ebd7,basil,10,9,8,8
878,677d856e8640497613a5ebd7,ej,10,10,10,10
879,677d856e8640497613a5ebd7,renz,10,10,9,10
880,677d856e8640497613a5ebeb,basil,10,6,5,6
881,677d856e8640497613a5ebeb,renz,10,7,7,8
882,677d856e8640497613a5ebeb,ej,10,7,7,7
883,677d856e8640497613a5ea55,Thomas,1,6,7,1
884,677d856e8640497613a5ea55,renz,10,9,10,10
885,677d856e8640497613a5ea55,ej,10,9,9,9
886,677d856e8640497613a5ea55,basil,10,5,10,6
887,677d856e8640497613a5ea5b,ej,4,3,6,4
888,677d856e8640497613a5ea5b,basil,2,4,10,5
889,677d856e8640497613a5ea5b,renz,3,7,7,3
890,677d856e8640497613a5ea5c,Thomas,10,6,6,7
891,677d856e8640497613a5ea5c,basil,10,5,6,6
892,677d856e8640497613a5ea5c,ej,10,8,10,9
893,677d856e8640497613a5ea5c,renz,9,8,7,8
894,677d856e8640497613a5ea5f,renz,10,10,9,10
895,677d856e8640497613a5ea5f,basil,10,10,10,10
896,677d856e8640497613a5ea5f,ej,10,10,10,10
897,677d856e8640497613a5ea69,renz,10,3,4,4
898,677d856e8640497613a5ea69,ej,10,8,8,8
899,677d856e8640497613a5ea69,basil,10,10,6,8
900,677d856e8640497613a5ea89,Thomas,9,9,9,9
901,677d856e8640497613a5ea89,basil,10,8,10,9
902,677d856e8640497613a5ea89,renz,10,10,8,9
903,677d856e8640497613a5ea89,ej,10,10,10,10
904,677d856e8640497613a5ea94,Thomas,10,9,9,9
905,677d856e8640497613a5ea94,sona,10,9,10,9
906,677d856e8640497613a5ea94,renz,10,10,10,10
907,677d856e8640497613a5ea94,basil,10,10,9,9
908,677d856e8640497613a5ea94,ej,10,10,10,10
909,677d856e8640497613a5ea99,Thomas,10,9,10,9
910,677d856e8640497613a5ea99,sona,10,9,10,9
911,677d856e8640497613a5ea99,renz,10,6,6,7
912,677d856e8640497613a5ea99,ej,10,10,10,10
913,677d856e8640497613a5ea99,basil,10,10,10,10
914,677d856e8640497613a5eac4,sona,10,9,9,9
915,677d856e8640497613a5eac4,Thomas,10,7,7,8
916,677d856e8640497613a5eac4,ej,10,9,10,10
917,677d856e8640497613a5eac4,renz,10,9,10,10
918,677d856e8640497613a5eac4,basil,10,7,7,7
919,677d856e8640497613a5eacf,Thomas,10,10,10,10
920,677d856e8640497613a5eacf,sona,10,10,10,10
921,677d856e8640497613a5eacf,renz,10,10,10,10
922,677d856e8640497613a5eacf,ej,10,10,10,10
923,677d856e8640497613a5eacf,basil,8,10,10,8
924,677d856e8640497613a5ead3,sona,10,6,4,6
925,677d856e8640497613a5ead3,ej,10,10,9,10
926,677d856e8640497613a5ead3,renz,10,7,8,8
927,677d856e8640497613a5ead3,basil,10,9,8,8
928,677d856e8640497613a5eae1,Thomas,7,6,8,6
929,677d856e8640497613a5eae1,basil,0,0,0,0
930,677d856e8640497613a5eae1,renz,9,2,2,3
931,677d856e8640497613a5eae1,ej,6,2,4,5
932,677d856e8640497613a5eae5,sona,10,10,10,10
933,677d856e8640497613a5eae5,Thomas,10,8,10,9
934,677d856e8640497613a5eae5,basil,10,9,10,9
935,677d856e8640497613a5eae5,ej,10,10,10,10
936,677d856e8640497613a5eae5,renz,9,10,10,9
937,677d856e8640497613a5eaf0,Thomas,10,10,10,10
938,677d856e8640497613a5eaf0,basil,8,10,10,9
939,677d856e8640497613a5eaf0,renz,9,10,10,10
940,677d856e8640497613a5eaf0,ej,10,10,10,10
941,677d856e8640497613a5eaf5,sona,10,7,5,6
942,677d856e8640497613a5eaf5,ej,10,8,8,8
943,677d856e8640497613a5eaf5,basil,10,6,10,7
944,677d856e8640497613a5eaf5,renz,9,8,8,8
945,677d856e8640497613a5eb01,sona,9,6,6,5
946,677d856e8640497613a5eb01,Thomas,6,6,6,6
947,677d856e8640497613a5eb01,ej,10,9,9,9
948,677d856e8640497613a5eb01,basil,10,8,10,8
949,677d856e8640497613a5eb01,renz,10,9,10,9
950,677d856e8640497613a5eb0d,sona,2,2,3,2
951,677d856e8640497613a5eb0d,Thomas,0,1,4,1
952,677d856e8640497613a5eb0d,basil,1,3,10,1
953,677d856e8640497613a5eb0d,renz,3,10,10,4
954,677d856e8640497613a5eb0d,ej,1,8,8,2
955,677d856e8640497613a5eb15,renz,10,10,10,10
956,677d856e8640497613a5eb15,ej,10,10,10,10
957,677d856e8640497613a5eb15,basil,10,10,10,10
958,677d856e8640497613a5eb19,Thomas,2,2,9,2
959,677d856e8640497613a5eb19,sona,8,6,9,7
960,677d856e8640497613a5eb19,basil,2,10,10,2
961,677d856e8640497613a5eb19,ej,10,9,9,9
962,677d856e8640497613a5eb19,renz,2,8,9,3
963,677d856e8640497613a5eb2e,Thomas,5,8,10,5
964,677d856e8640497613a5eb2e,sona,6,7,8,7
965,677d856e8640497613a5eb2e,renz,1,10,10,1
966,677d856e8640497613a5eb2e,ej,10,10,10,10
967,677d856e8640497613a5eb2e,basil,10,8,10,9
968,677d856e8640497613a5eb31,Thomas,10,8,8,9
969,677d856e8640497613a5eb31,renz,9,6,10,7
970,677d856e8640497613a5eb31,ej,10,9,10,10
971,677d856e8640497613a5eb31,basil,10,4,9,6
972,677d856e8640497613a5eb4e,Thomas,10,10,10,10
973,677d856e8640497613a5eb4e,renz,8,10,10,8
974,677d856e8640497613a5eb4e,ej,7,10,10,8
975,677d856e8640497613a5eb4e,basil,10,10,10,10
976,677d856e8640497613a5eb54,ej,10,2,3,3
977,677d856e8640497613a5eb54,renz,10,6,6,7
978,677d856e8640497613a5eb54,basil,10,5,7,5
979,677d856e8640497613a5eb59,Thomas,10,8,9,9
980,677d856e8640497613a5eb59,ej,10,8,8,8
981,677d856e8640497613a5eb59,basil,10,5,10,6
982,677d856e8640497613a5eb59,renz,10,7,6,7
983,677d856e8640497613a5eb92,Thomas,10,9,8,9
984,677d856e8640497613a5eb92,sona,10,7,9,8
985,677d856e8640497613a5eb92,ej,5,1,2,4
986,677d856e8640497613a5eb92,renz,8,9,9,9
987,677d856e8640497613a5eb92,basil,10,10,10,10
988,677d856e8640497613a5eb96,Thomas,10,6,9,8
989,677d856e8640497613a5eb96,renz,8,6,8,7
990,677d856e8640497613a5eb96,ej,10,10,10,10
991,677d856e8640497613a5eb96,basil,10,5,4,5
992,677d856e8640497613a5ebbe,sona,10,9,10,9
993,677d856e8640497613a5ebbe,renz,10,9,8,10
994,677d856e8640497613a5ebbe,ej,10,10,10,10
995,677d856e8640497613a5ebbe,basil,10,10,10,10
996,677d856e8640497613a5ebc3,Thomas,5,4,5,4
997,677d856e8640497613a5ebc3,renz,8,7,7,7
998,677d856e8640497613a5ebc3,basil,10,6,9,6
999,677d856e8640497613a5ebc3,ej,10,7,7,7
1000,677d856e8640497613a5ebd1,sona,3,2,5,3
1001,677d856e8640497613a5ebd1,Thomas,10,8,8,8
1002,677d856e8640497613a5ebd1,ej,10,4,3,5
1003,677d856e8640497613a5ebd1,renz,10,8,9,9
1004,677d856e8640497613a5ebd1,basil,10,8,9,8
1005,677d856e8640497613a5ebd8,basil,10,6,9,7
1006,677d856e8640497613a5ebd8,ej,10,8,8,8
1007,677d856e8640497613a5ebd8,renz,10,2,2,3
1008,677d856e8640497613a5ebe4,renz,10,9,9,10
1009,677d856e8640497613a5ebe4,basil,10,6,10,8
1010,677d856e8640497613a5ebe4,ej,10,9,10,10
1011,677d856e8640497613a5ea0c,Thomas,9,7,8,8
1012,677d856e8640497613a5ea0c,sona,10,6,8,8
1013,677d856e8640497613a5ea0c,ej,9,9,10,9
1014,677d856e8640497613a5ea0c,renz,9,10,9,9
1015,677d856e8640497613a5ea0c,basil,10,10,5,6
1016,677d856e8640497613a5ea43,Thomas,7,9,10,7
1017,677d856e8640497613a5ea43,basil,9,10,10,9
1018,677d856e8640497613a5ea43,ej,10,10,10,10
1019,677d856e8640497613a5ea43,renz,10,10,10,10
1020,677d856e8640497613a5ea67,ej,10,10,10,10
1021,677d856e8640497613a5ea67,renz,10,10,10,10
1022,677d856e8640497613a5ea67,basil,10,10,10,10
1023,677d856e8640497613a5ea68,Thomas,6,6,9,5
1024,677d856e8640497613a5ea68,sona,5,4,6,4
1025,677d856e8640497613a5ea68,basil,10,10,10,10
1026,677d856e8640497613a5ea68,renz,3,10,10,3
1027,677d856e8640497613a5ea68,ej,10,9,10,10
1028,677d856e8640497613a5ea82,sona,10,10,10,10
1029,677d856e8640497613a5ea82,Thomas,10,9,8,9
1030,677d856e8640497613a5ea82,ej,10,10,10,10
1031,677d856e8640497613a5ea82,renz,10,10,10,10
1032,677d856e8640497613a5ea82,basil,10,7,10,8
1033,677d856e8640497613a5eaa3,Thomas,9,6,9,6
1034,677d856e8640497613a5eaa3,ej,10,9,10,10
1035,677d856e8640497613a5eaa3,renz,9,9,10,9
1036,677d856e8640497613a5eaa3,basil,10,7,10,8
1037,677d856e8640497613a5eaad,basil,3,1,10,1
1038,677d856e8640497613a5eaad,renz,7,6,8,7
1039,677d856e8640497613a5eaad,ej,10,9,9,9
1040,677d856e8640497613a5eaaf,sona,5,5,4,4
1041,677d856e8640497613a5eaaf,Thomas,8,9,8,8
1042,677d856e8640497613a5eaaf,ej,10,10,10,10
1043,677d856e8640497613a5eaaf,renz,10,10,10,10
1044,677d856e8640497613a5eaaf,basil,10,10,10,10
1045,677d856e8640497613a5eabb,Thomas,10,10,10,10
1046,677d856e8640497613a5eabb,sona,10,10,9,9
1047,677d856e8640497613a5eabb,basil,10,10,10,10
1048,677d856e8640497613a5eabb,renz,10,10,10,10
1049,677d856e8640497613a5eabb,ej,10,10,10,10
1050,677d856e8640497613a5eb0e,renz,10,10,9,10
1051,677d856e8640497613a5eb0e,ej,10,10,10,10
1052,677d856e8640497613a5eb0e,basil,10,9,10,10
1053,677d856e8640497613a5eb14,Thomas,10,9,10,9
1054,677d856e8640497613a5eb14,ej,8,9,9,9
1055,677d856e8640497613a5eb14,renz,9,10,10,10
1056,677d856e8640497613a5eb14,basil,10,10,10,10
1057,677d856e8640497613a5eb42,Thomas,3,9,9,3
1058,677d856e8640497613a5eb42,basil,7,7,9,7
1059,677d856e8640497613a5eb42,renz,3,10,10,3
1060,677d856e8640497613a5eb42,ej,10,10,10,10
1061,677d856e8640497613a5eb7a,Thomas,8,7,9,7
1062,677d856e8640497613a5eb7a,ej,10,8,8,8
1063,677d856e8640497613a5eb7a,renz,8,3,6,6
1064,677d856e8640497613a5eb7a,basil,10,4,10,5
1065,677d856e8640497613a5eb7c,sona,7,5,4,4
1066,677d856e8640497613a5eb7c,Thomas,7,8,8,7
1067,677d856e8640497613a5eb7c,renz,8,9,10,8
1068,677d856e8640497613a5eb7c,basil,10,9,10,9
1069,677d856e8640497613a5eb7c,ej,7,8,9,7
1070,677d856e8640497613a5eb83,sona,10,5,5,6
1071,677d856e8640497613a5eb83,Thomas,10,8,10,9
1072,677d856e8640497613a5eb83,renz,9,10,10,9
1073,677d856e8640497613a5eb83,ej,10,10,10,10
1074,677d856e8640497613a5eb83,basil,10,9,10,10
1075,677d856e8640497613a5eb9c,Thomas,3,2,3,2
1076,677d856e8640497613a5eb9c,renz,10,6,6,6
1077,677d856e8640497613a5eb9c,basil,7,6,6,5
1078,677d856e8640497613a5eb9c,ej,5,4,2,3
1079,677d856e8640497613a5eb9e,Thomas,9,6,8,8
1080,677d856e8640497613a5eb9e,ej,10,8,8,8
1081,677d856e8640497613a5eb9e,renz,10,9,10,10
1082,677d856e8640497613a5eb9e,basil,10,5,10,7
1083,677d856e8640497613a5ebb7,renz,10,10,10,10
1084,677d856e8640497613a5ebb7,ej,10,10,10,10
1085,677d856e8640497613a5ebb7,basil,10,10,10,10
1086,677d856e8640497613a5ebbf,renz,10,9,9,9
1087,677d856e8640497613a5ebbf,ej,10,10,10,10
1088,677d856e8640497613a5ebbf,basil,10,10,10,10
1089,677d856e8640497613a5ebc0,basil,10,8,9,8
1090,677d856e8640497613a5ebc0,renz,10,10,10,10
1091,677d856e8640497613a5ebc0,ej,8,10,10,9
1092,677d856e8640497613a5ebd9,sona,10,8,10,9
1093,677d856e8640497613a5ebd9,ej,10,8,8,8
1094,677d856e8640497613a5ebd9,renz,10,6,6,8
1095,677d856e8640497613a5ebd9,basil,10,10,10,10
1096,677d856e8640497613a5ea08,sona,10,7,10,8
1097,677d856e8640497613a5ea08,Thomas,10,8,10,8
1098,677d856e8640497613a5ea08,renz,10,10,10,10
1099,677d856e8640497613a5ea08,ej,10,9,9,9
1100,677d856e8640497613a5ea08,basil,10,9,10,10
1101,677d856e8640497613a5ea14,Thomas,10,8,8,9
1102,677d856e8640497613a5ea14,basil,10,9,10,9
1103,677d856e8640497613a5ea14,ej,10,10,10,10
1104,677d856e8640497613a5ea14,renz,10,10,10,10
1105,677d856e8640497613a5ea18,sona,1,3,2,1
1106,677d856e8640497613a5ea18,ej,3,3,3,3
1107,677d856e8640497613a5ea18,basil,1,9,10,1
1108,677d856e8640497613a5ea18,renz,2,2,3,2
1109,677d856e8640497613a5ea2b,Thomas,1,2,5,2
1110,677d856e8640497613a5ea2b,ej,1,2,1,2
1111,677d856e8640497613a5ea2b,renz,1,7,6,1
1112,677d856e8640497613a5ea2b,basil,0,2,6,0
1113,677d856e8640497613a5ea30,Thomas,8,7,9,8
1114,677d856e8640497613a5ea30,sona,9,6,8,8
1115,677d856e8640497613a5ea30,basil,10,10,9,9
1116,677d856e8640497613a5ea30,ej,10,8,7,8
1117,677d856e8640497613a5ea30,renz,9,9,8,9
1118,677d856e8640497613a5ea37,Thomas,1,1,1,1
1119,677d856e8640497613a5ea37,renz,1,6,6,1
1120,677d856e8640497613a5ea37,ej,3,5,4,4
1121,677d856e8640497613a5ea37,basil,2,3,10,3
1122,677d856e8640497613a5ea3b,Thomas,9,9,10,9
1123,677d856e8640497613a5ea3b,sona,9,9,10,9
1124,677d856e8640497613a5ea3b,renz,10,7,9,8
1125,677d856e8640497613a5ea3b,basil,8,10,10,9
1126,677d856e8640497613a5ea3b,ej,10,10,10,10
1127,677d856e8640497613a5ea4e,sona,10,6,7,6
1128,677d856e8640497613a5ea4e,renz,10,10,10,10
1129,677d856e8640497613a5ea4e,ej,10,10,10,10
1130,677d856e8640497613a5ea4e,basil,10,9,10,10
1131,677d856e8640497613a5ea50,Thomas,7,9,9,7
1132,677d856e8640497613a5ea50,sona,7,4,5,4
1133,677d856e8640497613a5ea50,renz,10,8,9,9
1134,677d856e8640497613a5ea50,ej,10,10,10,10
1135,677d856e8640497613a5ea50,basil,10,7,10,8
1136,677d856e8640497613a5ea6b,Thomas,10,10,10,10
1137,677d856e8640497613a5ea6b,renz,10,9,9,9
1138,677d856e8640497613a5ea6b,basil,10,8,10,9
1139,677d856e8640497613a5ea6b,ej,10,10,10,10
1140,677d856e8640497613a5ea73,Thomas,2,1,5,1
1141,677d856e8640497613a5ea73,sona,1,2,5,3
1142,677d856e8640497613a5ea73,renz,1,1,1,1
1143,677d856e8640497613a5ea73,ej,1,2,2,2
1144,677d856e8640497613a5ea73,basil,0,2,10,0
1145,677d856e8640497613a5ea8f,Thomas,9,3,2,4
1146,677d856e8640497613a5ea8f,sona,9,1,1,1
1147,677d856e8640497613a5ea8f,ej,6,1,1,3
1148,677d856e8640497613a5ea8f,renz,8,1,1,2
1149,677d856e8640497613a5ea8f,basil,1,1,1,1
1150,677d856e8640497613a5ea92,basil,0,3,10,0
1151,677d856e8640497613a5ea92,renz,1,7,10,2
1152,677d856e8640497613a5ea92,ej,2,3,9,4
1153,677d856e8640497613a5ea97,basil,10,8,9,9
1154,677d856e8640497613a5ea97,ej,10,10,10,10
1155,677d856e8640497613a5ea97,renz,10,10,10,10
1156,677d856e8640497613a5eaab,Thomas,9,7,8,8
1157,677d856e8640497613a5eaab,renz,10,8,9,9
1158,677d856e8640497613a5eaab,ej,9,10,10,10
1159,677d856e8640497613a5eaab,basil,10,10,10,10
1160,677d856e8640497613a5eade,sona,10,6,2,4
1161,677d856e8640497613a5eade,Thomas,10,9,10,9
1162,677d856e8640497613a5eade,ej,6,9,8,7
1163,677d856e8640497613a5eade,renz,9,9,10,9
1164,677d856e8640497613a5eade,basil,10,10,10,10
1165,677d856e8640497613a5eadf,Thomas,9,3,7,5
1166,677d856e8640497613a5eadf,ej,8,7,7,7
1167,677d856e8640497613a5eadf,renz,7,7,7,7
1168,677d856e8640497613a5eadf,basil,10,5,10,6
1169,677d856e8640497613a5eaf4,sona,10,8,6,7
1170,677d856e8640497613a5eaf4,basil,10,8,8,8
1171,677d856e8640497613a5eaf4,ej,10,9,9,9
1172,677d856e8640497613a5eaf4,renz,9,10,10,10
1173,677d856e8640497613a5eb03,Thomas,10,10,10,10
1174,677d856e8640497613a5eb03,ej,8,8,10,7
1175,677d856e8640497613a5eb03,renz,8,10,10,8
1176,677d856e8640497613a5eb03,basil,10,10,10,10
1177,677d856e8640497613a5eb17,basil,10,10,10,10
1178,677d856e8640497613a5eb17,ej,10,10,10,10
1179,677d856e8640497613a5eb17,renz,10,10,10,10
1180,677d856e8640497613a5eb26,ej,6,5,2,5
1181,677d856e8640497613a5eb26,renz,9,8,7,8
1182,677d856e8640497613a5eb26,basil,10,8,9,8
1183,677d856e8640497613a5eb34,Thomas,9,10,10,9
1184,677d856e8640497613a5eb34,sona,6,6,6,6
1185,677d856e8640497613a5eb34,ej,9,10,10,9
1186,677d856e8640497613a5eb34,renz,9,7,6,7
1187,677d856e8640497613a5eb34,basil,10,10,10,10
1188,677d856e8640497613a5eb35,Thomas,10,8,8,8
1189,677d856e8640497613a5eb35,sona,10,9,10,10
1190,677d856e8640497613a5eb35,ej,10,10,10,10
1191,677d856e8640497613a5eb35,renz,10,10,9,10
1192,677d856e8640497613a5eb35,basil,10,10,10,10
1193,677d856e8640497613a5eb37,sona,5,5,5,5
1194,677d856e8640497613a5eb37,basil,10,10,10,10
1195,677d856e8640497613a5eb37,renz,10,8,8,9
1196,677d856e8640497613a5eb37,ej,10,10,10,10
1197,677d856e8640497613a5eb48,sona,5,5,3,4
1198,677d856e8640497613a5eb48,ej,7,8,7,7
1199,677d856e8640497613a5eb48,basil,8,8,10,8
1200,677d856e8640497613a5eb48,renz,2,4,10,2
1201,677d856e8640497613a5eb57,sona,7,6,5,7
1202,677d856e8640497613a5eb57,basil,10,8,10,8
1203,677d856e8640497613a5eb57,ej,10,9,9,9
1204,677d856e8640497613a5eb57,renz,8,9,8,8
1205,677d856e8640497613a5eb7b,renz,8,8,9,8
1206,677d856e8640497613a5eb7b,ej,3,3,3,3
1207,677d856e8640497613a5eb7b,basil,7,6,10,7
1208,677d856e8640497613a5eb81,Thomas,10,9,10,9
1209,677d856e8640497613a5eb81,renz,10,10,9,10
1210,677d856e8640497613a5eb81,ej,10,10,10,10
1211,677d856e8640497613a5eb81,basil,10,10,10,10
1212,677d856e8640497613a5eb8f,sona,10,8,9,9
1213,677d856e8640497613a5eb8f,Thomas,6,4,7,5
1214,677d856e8640497613a5eb8f,basil,10,9,10,9
1215,677d856e8640497613a5eb8f,renz,10,10,10,10
1216,677d856e8640497613a5eb8f,ej,10,9,9,9
1217,677d856e8640497613a5eba9,Thomas,10,8,8,9
1218,677d856e8640497613a5eba9,sona,7,4,4,5
1219,677d856e8640497613a5eba9,basil,10,9,10,9
1220,677d856e8640497613a5eba9,renz,8,4,4,6
1221,677d856e8640497613a5eba9,ej,10,8,9,8
1222,677d856e8640497613a5ebca,Thomas,8,6,6,5
1223,677d856e8640497613a5ebca,sona,5,2,3,2
1224,677d856e8640497613a5ebca,renz,8,4,6,6
1225,677d856e8640497613a5ebca,basil,10,7,7,7
1226,677d856e8640497613a5ebca,ej,10,10,10,10
1227,677d856e8640497613a5ebd0,Thomas,4,5,6,4
1228,677d856e8640497613a5ebd0,renz,4,3,4,3
1229,677d856e8640497613a5ebd0,ej,1,10,10,2
1230,677d856e8640497613a5ebd0,basil,0,6,10,1
1231,677d856e8640497613a5ebdc,Thomas,8,7,7,7
1232,677d856e8640497613a5ebdc,renz,10,6,7,7
1233,677d856e8640497613a5ebdc,ej,8,10,10,9
1234,677d856e8640497613a5ebdc,basil,10,10,10,10
1235,677d856e8640497613a5ebf7,sona,10,10,10,10
1236,677d856e8640497613a5ebf7,Thomas,10,10,10,10
1237,677d856e8640497613a5ebf7,ej,10,9,10,10
1238,677d856e8640497613a5ebf7,renz,10,10,10,10
1239,677d856e8640497613a5ebf7,basil,10,10,10,10
1240,677d856e8640497613a5ea12,Thomas,5,5,9,5
1241,677d856e8640497613a5ea12,sona,5,3,9,4
1242,677d856e8640497613a5ea12,basil,2,4,10,2
1243,677d856e8640497613a5ea12,ej,4,9,9,5
1244,677d856e8640497613a5ea12,renz,9,10,6,7
1245,677d856e8640497613a5ea21,Thomas,8,4,2,4
1246,677d856e8640497613a5ea21,sona,10,1,5,3
1247,677d856e8640497613a5ea21,renz,8,7,8,8
1248,677d856e8640497613a5ea21,ej,8,7,10,9
1249,677d856e8640497613a5ea21,basil,10,2,6,3
1250,677d856e8640497613a5ea28,Thomas,9,6,8,7
1251,677d856e8640497613a5ea28,ej,10,10,9,10
1252,677d856e8640497613a5ea28,basil,8,10,10,9
1253,677d856e8640497613a5ea28,renz,10,9,9,10
1254,677d856e8640497613a5ea3a,Thomas,2,6,9,3
1255,677d856e8640497613a5ea3a,sona,1,8,8,3
1256,677d856e8640497613a5ea3a,renz,9,9,10,9
1257,677d856e8640497613a5ea3a,ej,6,9,9,7
1258,677d856e8640497613a5ea3a,basil,10,10,10,10
1259,677d856e8640497613a5ea3d,basil,0,0,0,0
1260,677d856e8640497613a5ea3d,ej,2,3,3,3
1261,677d856e8640497613a5ea3d,renz,1,9,9,1
1262,677d856e8640497613a5ea40,Thomas,10,9,10,9
1263,677d856e8640497613a5ea40,ej,9,8,8,8
1264,677d856e8640497613a5ea40,renz,9,9,10,9
1265,677d856e8640497613a5ea40,basil,10,10,10,10
1266,677d856e8640497613a5eab0,Thomas,2,3,6,2
1267,677d856e8640497613a5eab0,sona,8,7,4,4
1268,677d856e8640497613a5eab0,ej,3,10,10,4
1269,677d856e8640497613a5eab0,renz,8,8,8,8
1270,677d856e8640497613a5eab0,basil,10,10,10,10
1271,677d856e8640497613a5eabc,Thomas,10,9,10,9
1272,677d856e8640497613a5eabc,renz,10,10,10,10
1273,677d856e8640497613a5eabc,basil,10,10,10,10
1274,677d856e8640497613a5eabc,ej,10,10,10,10
1275,677d856e8640497613a5eac0,Thomas,10,8,9,9
1276,677d856e8640497613a5eac0,renz,10,6,7,7
1277,677d856e8640497613a5eac0,ej,10,10,10,10
1278,677d856e8640497613a5eac0,basil,10,9,10,9
1279,677d856e8640497613a5eaea,Thomas,9,8,8,6
1280,677d856e8640497613a5eaea,sona,10,2,6,4
1281,677d856e8640497613a5eaea,ej,10,10,10,10
1282,677d856e8640497613a5eaea,renz,10,6,6,7
1283,677d856e8640497613a5eaea,basil,10,10,10,10
1284,677d856e8640497613a5eafb,Thomas,10,9,7,8
1285,677d856e8640497613a5eafb,renz,10,8,9,9
1286,677d856e8640497613a5eafb,ej,10,9,10,10
1287,677d856e8640497613a5eafb,basil,10,8,10,9
1288,677d856e8640497613a5eb04,sona,10,9,9,9
1289,677d856e8640497613a5eb04,Thomas,10,7,7,7
1290,677d856e8640497613a5eb04,basil,10,9,10,9
1291,677d856e8640497613a5eb04,renz,10,9,9,10
1292,677d856e8640497613a5eb04,ej,10,10,10,10
1293,677d856e8640497613a5eb28,Thomas,2,5,5,3
1294,677d856e8640497613a5eb28,renz,10,10,10,10
1295,677d856e8640497613a5eb28,basil,2,6,10,3
1296,677d856e8640497613a5eb28,ej,10,8,10,9
1297,677d856e8640497613a5eb43,sona,10,5,5,6
1298,677d856e8640497613a5eb43,basil,10,6,9,7
1299,677d856e8640497613a5eb43,renz,10,6,6,6
1300,677d856e8640497613a5eb43,ej,10,10,10,10
1301,677d856e8640497613a5eb44,Thomas,10,4,4,5
1302,677d856e8640497613a5eb44,sona,10,6,3,5
1303,677d856e8640497613a5eb44,basil,10,7,9,7
1304,677d856e8640497613a5eb44,ej,9,10,10,9
1305,677d856e8640497613a5eb44,renz,7,7,9,7
1306,677d856e8640497613a5eb4c,ej,2,9,7,6
1307,677d856e8640497613a5eb4c,renz,1,4,4,1
1308,677d856e8640497613a5eb4c,basil,1,9,8,1
1309,677d856e8640497613a5eb56,Thomas,10,9,8,9
1310,677d856e8640497613a5eb56,renz,10,10,10,10
1311,677d856e8640497613a5eb56,ej,10,10,10,10
1312,677d856e8640497613a5eb56,basil,10,10,10,10
1313,677d856e8640497613a5eb5f,Thomas,9,9,9,9
1314,677d856e8640497613a5eb5f,sona,10,6,3,4
1315,677d856e8640497613a5eb5f,renz,9,7,7,8
1316,677d856e8640497613a5eb5f,ej,8,8,9,8
1317,677d856e8640497613a5eb5f,basil,10,10,10,10
1318,677d856e8640497613a5eb74,Thomas,1,1,7,2
1319,677d856e8640497613a5eb74,sona,3,2,1,1
1320,677d856e8640497613a5eb74,ej,1,1,2,2
1321,677d856e8640497613a5eb74,renz,1,3,3,1
1322,677d856e8640497613a5eb74,basil,3,3,10,3
1323,677d856e8640497613a5eb86,renz,10,10,9,10
1324,677d856e8640497613a5eb86,ej,10,10,10,10
1325,677d856e8640497613a5eb86,basil,10,10,10,10
1326,677d856e8640497613a5eb8d,renz,10,9,7,9
1327,677d856e8640497613a5eb8d,ej,10,9,10,10
1328,677d856e8640497613a5eb8d,basil,10,8,7,8
1329,677d856e8640497613a5eb98,sona,10,10,10,10
1330,677d856e8640497613a5eb98,Thomas,9,8,9,9
1331,677d856e8640497613a5eb98,renz,10,10,10,10
1332,677d856e8640497613a5eb98,ej,10,9,10,10
1333,677d856e8640497613a5eb98,basil,10,10,10,10
1334,677d856e8640497613a5ebad,Thomas,10,10,10,10
1335,677d856e8640497613a5ebad,sona,10,10,10,10
1336,677d856e8640497613a5ebad,renz,10,7,7,7
1337,677d856e8640497613a5ebad,ej,10,10,10,10
1338,677d856e8640497613a5ebad,basil,10,4,10,5
1339,677d856e8640497613a5ebb4,sona,5,3,5,4
1340,677d856e8640497613a5ebb4,Thomas,4,3,7,4
1341,677d856e8640497613a5ebb4,ej,5,8,8,8
1342,677d856e8640497613a5ebb4,basil,4,5,10,4
1343,677d856e8640497613a5ebb4,renz,2,1,1,1
1344,677d856e8640497613a5ebef,Thomas,2,2,6,2
1345,677d856e8640497613a5ebef,basil,0,0,2,0
1346,677d856e8640497613a5ebef,renz,2,7,10,2
1347,677d856e8640497613a5ebef,ej,3,10,10,3
1348,677d856e8640497613a5ebf4,Thomas,9,9,10,9
1349,677d856e8640497613a5ebf4,basil,8,10,10,8
1350,677d856e8640497613a5ebf4,ej,7,10,10,8
1351,677d856e8640497613a5ebf4,renz,8,10,10,8
1352,677d856e8640497613a5ebf9,Thomas,5,4,4,4
1353,677d856e8640497613a5ebf9,sona,8,6,8,7
1354,677d856e8640497613a5ebf9,renz,9,9,9,9
1355,677d856e8640497613a5ebf9,basil,5,6,10,6
1356,677d856e8640497613a5ebf9,ej,10,9,9,9
1357,677d856e8640497613a5ea0a,Thomas,1,1,1,1
1358,677d856e8640497613a5ea0a,sona,5,3,6,4
1359,677d856e8640497613a5ea0a,renz,1,1,1,1
1360,677d856e8640497613a5ea0a,ej,10,8,8,8
1361,677d856e8640497613a5ea0a,basil,10,4,10,5
1362,677d856e8640497613a5ea56,renz,10,10,10,10
1363,677d856e8640497613a5ea56,ej,9,10,9,9
1364,677d856e8640497613a5ea56,basil,10,10,10,10
1365,677d856e8640497613a5ea57,Thomas,10,10,10,10
1366,677d856e8640497613a5ea57,renz,9,10,10,9
1367,677d856e8640497613a5ea57,ej,10,10,10,10
1368,677d856e8640497613a5ea57,basil,10,10,10,10
1369,677d856e8640497613a5ea66,sona,7,10,10,9
1370,677d856e8640497613a5ea66,renz,9,9,9,9
1371,677d856e8640497613a5ea66,ej,10,10,10,10
1372,677d856e8640497613a5ea66,basil,10,10,10,10
1373,677d856e8640497613a5ea81,basil,10,8,6,7
1374,677d856e8640497613a5ea81,ej,10,8,9,8
1375,677d856e8640497613a5ea81,renz,10,10,10,10
1376,677d856e8640497613a5ea87,renz,10,10,10,10
1377,677d856e8640497613a5ea87,ej,10,10,10,10
1378,677d856e8640497613a5ea87,basil,10,10,10,10
1379,677d856e8640497613a5ea9e,Thomas,10,2,1,2
1380,677d856e8640497613a5ea9e,basil,10,5,5,5
1381,677d856e8640497613a5ea9e,ej,3,1,1,2
1382,677d856e8640497613a5ea9e,renz,9,2,2,3
1383,677d856e8640497613a5eaa7,Thomas,10,9,10,9
1384,677d856e8640497613a5eaa7,sona,10,6,9,8
1385,677d856e8640497613a5eaa7,basil,10,8,10,9
1386,677d856e8640497613a5eaa7,ej,7,8,9,7
1387,677d856e8640497613a5eaa7,renz,10,7,7,7
1388,677d856e8640497613a5eaa8,sona,10,9,10,9
1389,677d856e8640497613a5eaa8,Thomas,9,8,8,8
1390,677d856e8640497613a5eaa8,basil,10,10,10,10
1391,677d856e8640497613a5eaa8,ej,10,10,10,10
1392,677d856e8640497613a5eaa8,renz,10,8,9,9
1393,677d856e8640497613a5eac1,basil,9,10,10,9
1394,677d856e8640497613a5eac1,ej,10,10,10,10
1395,677d856e8640497613a5eac1,renz,9,10,10,10
1396,677d856e8640497613a5eac3,sona,10,10,10,10
1397,677d856e8640497613a5eac3,basil,10,9,9,9
1398,677d856e8640497613a5eac3,ej,10,10,10,10
1399,677d856e8640497613a5eac3,renz,10,9,9,9
1400,677d856e8640497613a5eace,Thomas,10,10,10,10
1401,677d856e8640497613a5eace,basil,10,10,10,10
1402,677d856e8640497613a5eace,renz,10,9,10,10
1403,677d856e8640497613a5eace,ej,10,10,10,10
1404,677d856e8640497613a5ead0,Thomas,10,10,10,10
1405,677d856e8640497613a5ead0,renz,10,6,8,8
1406,677d856e8640497613a5ead0,basil,10,10,10,10
1407,677d856e8640497613a5ead0,ej,10,10,10,10
1408,677d856e8640497613a5eafa,sona,10,8,9,8
1409,677d856e8640497613a5eafa,Thomas,10,10,10,10
1410,677d856e8640497613a5eafa,ej,10,7,7,7
1411,677d856e8640497613a5eafa,renz,10,6,6,7
1412,677d856e8640497613a5eafa,basil,10,9,10,10
1413,677d856e8640497613a5eaff,sona,10,9,9,9
1414,677d856e8640497613a5eaff,Thomas,6,6,7,6
1415,677d856e8640497613a5eaff,renz,8,7,8,7
1416,677d856e8640497613a5eaff,ej,10,10,10,10
1417,677d856e8640497613a5eaff,basil,10,8,10,9
1418,677d856e8640497613a5eb07,basil,10,8,9,8
1419,677d856e8640497613a5eb07,renz,9,9,10,9
1420,677d856e8640497613a5eb07,ej,10,9,10,10
1421,677d856e8640497613a5eb61,Thomas,10,9,10,10
1422,677d856e8640497613a5eb61,renz,10,7,8,8
1423,677d856e8640497613a5eb61,ej,10,9,10,10
1424,677d856e8640497613a5eb61,basil,10,10,10,10
1425,677d856e8640497613a5eb67,sona,10,10,10,10
1426,677d856e8640497613a5eb67,basil,7,9,9,8
1427,677d856e8640497613a5eb67,renz,10,9,9,10
1428,677d856e8640497613a5eb67,ej,9,10,10,10
1429,677d856e8640497613a5eb70,Thomas,10,6,8,7
1430,677d856e8640497613a5eb70,sona,8,3,6,5
1431,677d856e8640497613a5eb70,basil,7,4,5,4
1432,677d856e8640497613a5eb70,renz,1,3,3,1
1433,677d856e8640497613a5eb70,ej,6,2,2,2
1434,677d856e8640497613a5eb71,renz,10,8,9,8
1435,677d856e8640497613a5eb71,ej,10,10,9,10
1436,677d856e8640497613a5eb71,basil,10,5,10,5
1437,677d856e8640497613a5eb76,Thomas,1,7,7,1
1438,677d856e8640497613a5eb76,sona,1,1,4,3
1439,677d856e8640497613a5eb76,renz,1,1,1,1
1440,677d856e8640497613a5eb76,basil,0,0,10,0
1441,677d856e8640497613a5eb76,ej,1,2,2,2
1442,677d856e8640497613a5eb7d,Thomas,2,7,9,2
1443,677d856e8640497613a5eb7d,sona,3,3,4,3
1444,677d856e8640497613a5eb7d,basil,1,8,10,2
1445,677d856e8640497613a5eb7d,renz,1,7,3,1
1446,677d856e8640497613a5eb7d,ej,2,4,4,2
1447,677d856e8640497613a5eba0,Thomas,10,10,10,10
1448,677d856e8640497613a5eba0,renz,10,10,10,10
1449,677d856e8640497613a5eba0,ej,10,10,10,10
1450,677d856e8640497613a5eba0,basil,10,10,10,10
1451,677d856e8640497613a5ebb5,sona,10,5,7,5
1452,677d856e8640497613a5ebb5,Thomas,4,4,8,4
1453,677d856e8640497613a5ebb5,ej,8,7,9,7
1454,677d856e8640497613a5ebb5,renz,2,8,8,2
1455,677d856e8640497613a5ebb5,basil,8,9,9,8
1456,677d856e8640497613a5ebba,Thomas,10,10,10,10
1457,677d856e8640497613a5ebba,renz,9,8,8,8
1458,677d856e8640497613a5ebba,ej,10,10,10,10
1459,677d856e8640497613a5ebba,basil,10,10,10,10
1460,677d856e8640497613a5ebc6,sona,10,9,10,9
1461,677d856e8640497613a5ebc6,Thomas,8,7,9,8
1462,677d856e8640497613a5ebc6,ej,10,10,9,10
1463,677d856e8640497613a5ebc6,renz,10,9,10,10
1464,677d856e8640497613a5ebc6,basil,10,10,10,10
1465,677d856e8640497613a5ebc9,Thomas,5,10,10,7
1466,677d856e8640497613a5ebc9,ej,1,10,10,2
1467,677d856e8640497613a5ebc9,renz,3,9,10,3
1468,677d856e8640497613a5ebc9,basil,0,5,10,0
1469,677d856e8640497613a5ebcd,ej,10,10,9,10
1470,677d856e8640497613a5ebcd,renz,10,9,10,10
1471,677d856e8640497613a5ebcd,basil,10,9,10,10
1472,677d856e8640497613a5ebdf,Thomas,10,9,9,9
1473,677d856e8640497613a5ebdf,sona,10,10,9,9
1474,677d856e8640497613a5ebdf,ej,10,10,10,10
1475,677d856e8640497613a5ebdf,renz,10,10,10,10
1476,677d856e8640497613a5ebdf,basil,10,10,10,10
1477,677d856e8640497613a5ebe0,sona,2,3,2,2
1478,677d856e8640497613a5ebe0,Thomas,7,5,4,5
1479,677d856e8640497613a5ebe0,renz,10,6,6,7
1480,677d856e8640497613a5ebe0,ej,8,7,7,7
1481,677d856e8640497613a5ebe0,basil,10,7,10,8
1482,677d856e8640497613a5ebf3,Thomas,2,7,9,3
1483,677d856e8640497613a5ebf3,renz,3,8,10,3
1484,677d856e8640497613a5ebf3,basil,1,10,10,1
1485,677d856e8640497613a5ebf3,ej,2,10,10,3
1486,677d856e8640497613a5ea07,sona,5,6,3,4
1487,677d856e8640497613a5ea07,Thomas,8,6,8,7
1488,677d856e8640497613a5ea07,renz,9,9,7,8
1489,677d856e8640497613a5ea07,ej,7,10,10,8
1490,677d856e8640497613a5ea07,basil,5,7,10,6
1491,677d856e8640497613a5ea0b,renz,10,1,2,3
1492,677d856e8640497613a5ea0b,ej,10,9,9,9
1493,677d856e8640497613a5ea0b,basil,10,9,10,10
1494,677d856e8640497613a5ea27,Thomas,10,10,10,10
1495,677d856e8640497613a5ea27,renz,10,10,8,5
1496,677d856e8640497613a5ea27,basil,10,10,10,10
1497,677d856e8640497613a5ea27,ej,10,10,10,10
1498,677d856e8640497613a5ea33,Thomas,10,7,9,8
1499,677d856e8640497613a5ea33,basil,10,8,9,8
1500,677d856e8640497613a5ea33,renz,10,9,8,9
1501,677d856e8640497613a5ea33,ej,10,10,10,10
1502,677d856e8640497613a5ea5e,sona,10,7,6,6
1503,677d856e8640497613a5ea5e,ej,10,8,9,9
1504,677d856e8640497613a5ea5e,renz,10,9,10,10
1505,677d856e8640497613a5ea5e,basil,10,8,10,9
1506,677d856e8640497613a5ea61,sona,10,6,7,7
1507,677d856e8640497613a5ea61,Thomas,10,8,9,9
1508,677d856e8640497613a5ea61,basil,10,10,10,10
1509,677d856e8640497613a5ea61,ej,10,10,10,10
1510,677d856e8640497613a5ea61,renz,10,10,10,10
1511,677d856e8640497613a5ea70,sona,10,7,7,7
1512,677d856e8640497613a5ea70,ej,10,10,10,10
1513,677d856e8640497613a5ea70,basil,9,9,10,9
1514,677d856e8640497613a5ea70,renz,10,10,10,10
1515,677d856e8640497613a5ea72,Thomas,3,5,3,3
1516,677d856e8640497613a5ea72,renz,1,6,6,1
1517,677d856e8640497613a5ea72,basil,1,2,10,1
1518,677d856e8640497613a5ea72,ej,1,1,2,2
1519,677d856e8640497613a5ea7a,Thomas,1,3,5,1
1520,677d856e8640497613a5ea7a,sona,1,3,3,2
1521,677d856e8640497613a5ea7a,basil,1,5,6,2
1522,677d856e8640497613a5ea7a,renz,1,8,8,1
1523,677d856e8640497613a5ea7a,ej,1,2,2,2
1524,677d856e8640497613a5ea7f,sona,10,6,5,6
1525,677d856e8640497613a5ea7f,Thomas,9,6,7,7
1526,677d856e8640497613a5ea7f,renz,10,6,7,6
1527,677d856e8640497613a5ea7f,ej,10,8,8,8
1528,677d856e8640497613a5ea7f,basil,10,5,5,5
1529,677d856e8640497613a5ea8a,sona,10,3,5,3
1530,677d856e8640497613a5ea8a,Thomas,8,3,2,3
1531,677d856e8640497613a5ea8a,basil,10,7,5,6
1532,677d856e8640497613a5ea8a,renz,10,6,6,7
1533,677d856e8640497613a5ea8a,ej,10,6,4,5
1534,677d856e8640497613a5ea8c,sona,7,3,8,3
1535,677d856e8640497613a5ea8c,renz,1,7,7,2
1536,677d856e8640497613a5ea8c,ej,4,2,3,3
1537,677d856e8640497613a5ea8c,basil,10,5,10,6
1538,677d856e8640497613a5ea8d,basil,3,4,4,3
1539,677d856e8640497613a5ea8d,ej,7,5,5,6
1540,677d856e8640497613a5ea8d,renz,8,8,7,8
1541,677d856e8640497613a5eaa2,sona,10,9,10,9
1542,677d856e8640497613a5eaa2,Thomas,4,8,10,5
1543,677d856e8640497613a5eaa2,ej,8,10,10,9
1544,677d856e8640497613a5eaa2,basil,9,10,10,9
1545,677d856e8640497613a5eaa2,renz,10,10,10,10
1546,677d856e8640497613a5eaca,sona,10,10,10,10
1547,677d856e8640497613a5eaca,Thomas,10,9,9,9
1548,677d856e8640497613a5eaca,ej,10,10,10,10
1549,677d856e8640497613a5eaca,basil,10,9,10,9
1550,677d856e8640497613a5eaca,renz,10,9,9,10
1551,677d856e8640497613a5ead5,Thomas,10,9,10,9
1552,677d856e8640497613a5ead5,basil,10,9,9,10
1553,677d856e8640497613a5ead5,ej,10,10,10,10
1554,677d856e8640497613a5ead5,renz,10,9,10,10
1555,677d856e8640497613a5ead7,sona,10,5,9,8
1556,677d856e8640497613a5ead7,Thomas,8,7,10,8
1557,677d856e8640497613a5ead7,ej,9,9,9,9
1558,677d856e8640497613a5ead7,renz,9,10,8,9
1559,677d856e8640497613a5ead7,basil,10,8,10,9
1560,677d856e8640497613a5ead8,Thomas,9,9,9,9
1561,677d856e8640497613a5ead8,basil,10,9,10,9
1562,677d856e8640497613a5ead8,ej,10,9,10,10
1563,677d856e8640497613a5ead8,renz,9,10,9,9
1564,677d856e8640497613a5eb18,sona,10,7,9,8
1565,677d856e8640497613a5eb18,basil,10,7,6,7
1566,677d856e8640497613a5eb18,ej,10,10,10,10
1567,677d856e8640497613a5eb18,renz,10,10,10,10
1568,677d856e8640497613a5eb20,sona,9,6,6,7
1569,677d856e8640497613a5eb20,basil,10,7,10,8
1570,677d856e8640497613a5eb20,renz,7,6,7,7
1571,677d856e8640497613a5eb20,ej,10,10,10,10
1572,677d856e8640497613a5eb24,Thomas,10,9,7,8
1573,677d856e8640497613a5eb24,renz,10,7,8,9
1574,677d856e8640497613a5eb24,basil,10,7,10,8
1575,677d856e8640497613a5eb24,ej,10,9,9,9
1576,677d856e8640497613a5eb40,Thomas,8,4,3,5
1577,677d856e8640497613a5eb40,sona,10,5,5,5
1578,677d856e8640497613a5eb40,renz,10,8,8,9
1579,677d856e8640497613a5eb40,ej,8,7,7,7
1580,677d856e8640497613a5eb40,basil,10,4,9,5
1581,677d856e8640497613a5eb6e,Thomas,1,2,3,1
1582,677d856e8640497613a5eb6e,renz,1,6,7,2
1583,677d856e8640497613a5eb6e,basil,1,3,6,1
1584,677d856e8640497613a5eb6e,ej,1,3,3,3
1585,677d856e8640497613a5eb9b,renz,10,9,8,9
1586,677d856e8640497613a5eb9b,basil,10,9,10,9
1587,677d856e8640497613a5eb9b,ej,10,8,8,8
1588,677d856e8640497613a5eb9f,Thomas,10,7,7,8
1589,677d856e8640497613a5eb9f,basil,10,10,10,10
1590,677d856e8640497613a5eb9f,renz,10,6,7,7
1591,677d856e8640497613a5eb9f,ej,10,10,10,10
1592,677d856e8640497613a5ebb0,Thomas,8,7,8,7
1593,677d856e8640497613a5ebb0,basil,10,5,10,6
1594,677d856e8640497613a5ebb0,renz,3,9,9,4
1595,677d856e8640497613a5ebb0,ej,8,10,10,9
1596,677d856e8640497613a5ebda,Thomas,9,5,9,6
1597,677d856e8640497613a5ebda,ej,6,9,9,7
1598,677d856e8640497613a5ebda,basil,4,3,10,4
1599,677d856e8640497613a5ebda,renz,2,7,9,3
1600,677d856e8640497613a5ebe1,Thomas,8,6,9,8
1601,677d856e8640497613a5ebe1,ej,9,10,9,9
1602,677d856e8640497613a5ebe1,basil,10,5,9,6
1603,677d856e8640497613a5ebe1,renz,9,9,9,9
1604,677d856e8640497613a5ebed,renz,1,9,9,2
1605,677d856e8640497613a5ebed,ej,10,8,8,8
1606,677d856e8640497613a5ebed,basil,9,4,10,6
1607,677d856e8640497613a5ebf8,sona,10,3,3,3
1608,677d856e8640497613a5ebf8,ej,10,9,8,8
1609,677d856e8640497613a5ebf8,basil,10,9,8,9
1610,677d856e8640497613a5ebf8,renz,10,6,7,7
1611,677d856e8640497613a5ea2d,sona,10,10,10,10
1612,677d856e8640497613a5ea2d,Thomas,10,9,9,9
1613,677d856e8640497613a5ea2d,renz,10,10,10,10
1614,677d856e8640497613a5ea2d,ej,10,10,10,10
1615,677d856e8640497613a5ea2d,basil,10,8,9,8
1616,677d856e8640497613a5ea48,basil,10,5,6,6
1617,677d856e8640497613a5ea48,renz,8,1,1,1
1618,677d856e8640497613a5ea48,ej,10,7,8,8
1619,677d856e8640497613a5ea96,Thomas,10,6,6,7
1620,677d856e8640497613a5ea96,basil,10,7,6,7
1621,677d856e8640497613a5ea96,ej,10,10,9,10
1622,677d856e8640497613a5ea96,renz,10,10,10,10
1623,677d856e8640497613a5ea9b,sona,10,7,10,9
1624,677d856e8640497613a5ea9b,basil,10,10,10,10
1625,677d856e8640497613a5ea9b,ej,10,10,10,10
1626,677d856e8640497613a5ea9b,renz,10,10,10,10
1627,677d856e8640497613a5eaaa,sona,10,7,5,6
1628,677d856e8640497613a5eaaa,Thomas,10,4,5,6
1629,677d856e8640497613a5eaaa,basil,10,10,8,9
1630,677d856e8640497613a5eaaa,ej,10,10,10,10
1631,677d856e8640497613a5eaaa,renz,10,9,9,10
1632,677d856e8640497613a5eab3,Thomas,6,6,9,7
1633,677d856e8640497613a5eab3,renz,9,9,9,9
1634,677d856e8640497613a5eab3,ej,10,9,9,9
1635,677d856e8640497613a5eab3,basil,10,6,10,7
1636,677d856e8640497613a5eab4,sona,10,5,5,5
1637,677d856e8640497613a5eab4,Thomas,10,8,9,9
1638,677d856e8640497613a5eab4,basil,5,7,6,7
1639,677d856e8640497613a5eab4,ej,8,7,3,7
1640,677d856e8640497613a5eab4,renz,10,10,10,10
1641,677d856e8640497613a5eab9,sona,10,5,9,8
1642,677d856e8640497613a5eab9,Thomas,9,8,10,9
1643,677d856e8640497613a5eab9,ej,10,10,10,10
1644,677d856e8640497613a5eab9,renz,10,8,8,8
1645,677d856e8640497613a5eab9,basil,10,8,10,9
1646,677d856e8640497613a5eac9,Thomas,7,7,8,7
1647,677d856e8640497613a5eac9,sona,8,6,6,6
1648,677d856e8640497613a5eac9,ej,3,7,8,6
1649,677d856e8640497613a5eac9,renz,2,10,10,2
1650,677d856e8640497613a5eac9,basil,1,8,10,1
1651,677d856e8640497613a5ead4,sona,10,10,10,10
1652,677d856e8640497613a5ead4,renz,4,10,1,3
1653,677d856e8640497613a5ead4,basil,7,8,10,7
1654,677d856e8640497613a5ead4,ej,10,10,10,10
1655,677d856e8640497613a5eae6,Thomas,10,6,6,7
1656,677d856e8640497613a5eae6,renz,10,6,7,7
1657,677d856e8640497613a5eae6,ej,10,10,10,10
1658,677d856e8640497613a5eae6,basil,9,10,10,10
1659,677d856e8640497613a5eae9,Thomas,10,9,10,9
1660,677d856e8640497613a5eae9,sona,10,10,10,10
1661,677d856e8640497613a5eae9,basil,10,10,10,10
1662,677d856e8640497613a5eae9,renz,10,9,10,10
1663,677d856e8640497613a5eae9,ej,10,10,10,10
1664,677d856e8640497613a5eaf2,Thomas,7,7,7,8
1665,677d856e8640497613a5eaf2,ej,7,6,4,5
1666,677d856e8640497613a5eaf2,renz,1,9,9,1
1667,677d856e8640497613a5eaf2,basil,2,6,8,3
1668,677d856e8640497613a5eaf7,Thomas,9,8,9,9
1669,677d856e8640497613a5eaf7,basil,7,10,10,8
1670,677d856e8640497613a5eaf7,renz,6,10,10,7
1671,677d856e8640497613a5eaf7,ej,10,10,10,10
1672,677d856e8640497613a5eafd,sona,7,3,4,3
1673,677d856e8640497613a5eafd,Thomas,5,3,2,2
1674,677d856e8640497613a5eafd,renz,10,6,6,7
1675,677d856e8640497613a5eafd,ej,10,6,6,6
1676,677d856e8640497613a5eafd,basil,10,3,9,4
1677,677d856e8640497613a5eb16,sona,7,6,5,6
1678,677d856e8640497613a5eb16,renz,10,9,9,9
1679,677d856e8640497613a5eb16,ej,10,10,10,10
1680,677d856e8640497613a5eb16,basil,8,7,10,8
1681,677d856e8640497613a5eb2f,Thomas,10,5,5,5
1682,677d856e8640497613a5eb2f,renz,10,8,8,9
1683,677d856e8640497613a5eb2f,basil,10,8,10,8
1684,677d856e8640497613a5eb2f,ej,5,8,7,7
1685,677d856e8640497613a5eb39,Thomas,7,5,9,6
1686,677d856e8640497613a5eb39,renz,1,4,4,1
1687,677d856e8640497613a5eb39,basil,6,5,10,5
1688,677d856e8640497613a5eb39,ej,7,4,4,6
1689,677d856e8640497613a5eb41,sona,10,9,10,9
1690,677d856e8640497613a5eb41,ej,10,10,9,10
1691,677d856e8640497613a5eb41,basil,10,9,8,9
1692,677d856e8640497613a5eb41,renz,10,10,10,10
1693,677d856e8640497613a5eb5a,Thomas,9,9,10,9
1694,677d856e8640497613a5eb5a,renz,1,10,9,1
1695,677d856e8640497613a5eb5a,ej,4,10,10,10
1696,677d856e8640497613a5eb5a,basil,8,10,10,9
1697,677d856e8640497613a5eb5b,basil,10,8,10,8
1698,677d856e8640497613a5eb5b,renz,10,7,9,8
1699,677d856e8640497613a5eb5b,ej,10,10,10,10
1700,677d856e8640497613a5eb62,Thomas,7,8,8,7
1701,677d856e8640497613a5eb62,basil,10,9,9,9
1702,677d856e8640497613a5eb62,renz,9,8,8,9
1703,677d856e8640497613a5eb62,ej,10,10,10,10
1704,677d856e8640497613a5eb65,Thomas,4,3,3,5
1705,677d856e8640497613a5eb65,renz,10,7,9,7
1706,677d856e8640497613a5eb65,ej,10,3,5,3
1707,677d856e8640497613a5eb65,basil,10,9,10,10
1708,677d856e8640497613a5eb72,Thomas,9,7,9,8
1709,677d856e8640497613a5eb72,sona,6,3,9,5
1710,677d856e8640497613a5eb72,ej,10,10,10,10
1711,677d856e8640497613a5eb72,renz,9,9,10,9
1712,677d856e8640497613a5eb72,basil,10,10,10,10
1713,677d856e8640497613a5eb73,Thomas,5,4,3,4
1714,677d856e8640497613a5eb73,sona,5,5,5,5
1715,677d856e8640497613a5eb73,renz,8,9,6,8
1716,677d856e8640497613a5eb73,basil,10,8,10,9
1717,677d856e8640497613a5eb73,ej,10,9,10,10
1718,677d856e8640497613a5eb79,renz,9,9,9,9
1719,677d856e8640497613a5eb79,ej,8,7,7,7
1720,677d856e8640497613a5eb79,basil,10,4,10,5
1721,677d856e8640497613a5eb7f,sona,10,10,10,10
1722,677d856e8640497613a5eb7f,renz,10,10,10,10
1723,677d856e8640497613a5eb7f,ej,10,10,10,10
1724,677d856e8640497613a5eb7f,basil,8,10,10,9
1725,677d856e8640497613a5eb82,Thomas,10,8,9,9
1726,677d856e8640497613a5eb82,sona,10,8,10,9
1727,677d856e8640497613a5eb82,ej,10,8,7,8
1728,677d856e8640497613a5eb82,renz,10,9,9,9
1729,677d856e8640497613a5eb82,basil,10,10,10,10
1730,677d856e8640497613a5eb88,Thomas,10,9,9,10
1731,677d856e8640497613a5eb88,sona,10,10,7,8
1732,677d856e8640497613a5eb88,basil,9,10,10,9
1733,677d856e8640497613a5eb88,ej,10,10,10,10
1734,677d856e8640497613a5eb88,renz,9,10,10,10
1735,677d856e8640497613a5ebb8,Thomas,9,8,8,9
1736,677d856e8640497613a5ebb8,renz,10,10,10,10
1737,677d856e8640497613a5ebb8,ej,10,10,10,10
1738,677d856e8640497613a5ebb8,basil,10,10,10,10
1739,677d856e8640497613a5ebd5,sona,10,5,10,5
1740,677d856e8640497613a5ebd5,ej,10,8,8,8
1741,677d856e8640497613a5ebd5,basil,5,5,5,5
1742,677d856e8640497613a5ebd5,renz,7,8,10,8
1743,677d856e8640497613a5ebee,Thomas,7,6,6,6
1744,677d856e8640497613a5ebee,renz,1,7,9,1
1745,677d856e8640497613a5ebee,ej,10,8,9,9
1746,677d856e8640497613a5ebee,basil,10,7,6,7
1747,677d856e8640497613a5ebf1,Thomas,9,7,7,8
1748,677d856e8640497613a5ebf1,renz,9,9,9,9
1749,677d856e8640497613a5ebf1,ej,10,9,9,10
1750,677d856e8640497613a5ebf1,basil,10,9,10,9
1751,677d856e8640497613a5ea20,Thomas,2,5,8,3
1752,677d856e8640497613a5ea20,sona,2,5,5,4
1753,677d856e8640497613a5ea20,renz,1,8,8,1
1754,677d856e8640497613a5ea20,ej,2,4,4,4
1755,677d856e8640497613a5ea20,basil,0,4,6,0
1756,677d856e8640497613a5ea24,sona,8,7,8,7
1757,677d856e8640497613a5ea24,renz,9,9,10,9
1758,677d856e8640497613a5ea24,ej,9,9,10,9
1759,677d856e8640497613a5ea24,basil,10,9,10,10
1760,677d856e8640497613a5ea2c,Thomas,8,7,7,7
1761,677d856e8640497613a5ea2c,sona,8,3,5,4
1762,677d856e8640497613a5ea2c,renz,8,9,9,9
1763,677d856e8640497613a5ea2c,basil,10,8,9,8
1764,677d856e8640497613a5ea2c,ej,5,8,8,7
1765,677d856e8640497613a5ea47,Thomas,10,7,7,7
1766,677d856e8640497613a5ea47,renz,10,9,8,8
1767,677d856e8640497613a5ea47,ej,7,4,5,6
1768,677d856e8640497613a5ea47,basil,10,9,9,9
1769,677d856e8640497613a5ea4c,sona,4,2,3,2
1770,677d856e8640497613a5ea4c,renz,9,2,6,2
1771,677d856e8640497613a5ea4c,ej,3,2,4,3
1772,677d856e8640497613a5ea4c,basil,0,2,10,0
1773,677d856e8640497613a5ea4f,renz,10,8,8,8
1774,677d856e8640497613a5ea4f,ej,9,10,10,10
1775,677d856e8640497613a5ea4f,basil,7,8,9,7
1776,677d856e8640497613a5ea53,Thomas,1,7,7,2
1777,677d856e8640497613a5ea53,sona,3,7,10,5
1778,677d856e8640497613a5ea53,renz,4,10,10,4
1779,677d856e8640497613a5ea53,ej,3,10,10,4
1780,677d856e8640497613a5ea53,basil,10,10,10,10
1781,677d856e8640497613a5ea5d,Thomas,10,10,10,10
1782,677d856e8640497613a5ea5d,basil,10,10,10,10
1783,677d856e8640497613a5ea5d,renz,10,7,8,8
1784,677d856e8640497613a5ea5d,ej,10,10,10,10
1785,677d856e8640497613a5ea6d,Thomas,10,10,10,10
1786,677d856e8640497613a5ea6d,sona,10,8,10,9
1787,677d856e8640497613a5ea6d,basil,10,10,10,10
1788,677d856e8640497613a5ea6d,renz,10,10,10,10
1789,677d856e8640497613a5ea6d,ej,10,10,10,10
1790,677d856e8640497613a5eaac,basil,10,8,9,9
1791,677d856e8640497613a5eaac,renz,8,7,7,7
1792,677d856e8640497613a5eaac,ej,10,10,10,10
1793,677d856e8640497613a5eac5,basil,10,8,9,9
1794,677d856e8640497613a5eac5,renz,9,9,9,9
1795,677d856e8640497613a5eac5,ej,9,9,9,9
1796,677d856e8640497613a5eaf3,Thomas,7,4,5,6
1797,677d856e8640497613a5eaf3,renz,8,8,7,8
1798,677d856e8640497613a5eaf3,ej,9,8,7,8
1799,677d856e8640497613a5eaf3,basil,10,5,10,6
1800,677d856e8640497613a5eb4d,basil,2,2,10,2
1801,677d856e8640497613a5eb4d,renz,1,1,1,1
1802,677d856e8640497613a5eb4d,ej,7,3,3,3
1803,677d856e8640497613a5eb52,sona,10,9,8,9
1804,677d856e8640497613a5eb52,Thomas,10,10,10,10
1805,677d856e8640497613a5eb52,renz,10,10,10,10
1806,677d856e8640497613a5eb52,basil,10,10,10,10
1807,677d856e8640497613a5eb52,ej,10,10,10,10
1808,677d856e8640497613a5eb5d,sona,10,5,9,8
1809,677d856e8640497613a5eb5d,Thomas,8,8,10,8
1810,677d856e8640497613a5eb5d,ej,7,10,9,8
1811,677d856e8640497613a5eb5d,renz,9,10,10,9
1812,677d856e8640497613a5eb5d,basil,10,9,10,10
1813,677d856e8640497613a5eb60,sona,10,4,3,3
1814,677d856e8640497613a5eb60,Thomas,8,7,9,8
1815,677d856e8640497613a5eb60,renz,10,8,10,9
1816,677d856e8640497613a5eb60,ej,10,10,10,10
1817,677d856e8640497613a5eb60,basil,10,5,10,6
1818,677d856e8640497613a5eb68,Thomas,10,7,8,8
1819,677d856e8640497613a5eb68,ej,10,8,10,9
1820,677d856e8640497613a5eb68,renz,10,9,9,10
1821,677d856e8640497613a5eb68,basil,10,6,8,7
1822,677d856e8640497613a5eb69,Thomas,9,5,8,6
1823,677d856e8640497613a5eb69,renz,6,3,4,4
1824,677d856e8640497613a5eb69,ej,10,8,8,8
1825,677d856e8640497613a5eb69,basil,10,3,10,4
1826,677d856e8640497613a5eb6b,Thomas,10,10,10,10
1827,677d856e8640497613a5eb6b,basil,9,9,10,9
1828,677d856e8640497613a5eb6b,ej,10,10,10,10
1829,677d856e8640497613a5eb6b,renz,10,9,10,10
1830,677d856e8640497613a5eb75,sona,1,1,3,2
1831,677d856e8640497613a5eb75,basil,1,10,10,2
1832,677d856e8640497613a5eb75,renz,2,10,10,2
1833,677d856e8640497613a5eb75,ej,1,9,8,4
1834,677d856e8640497613a5eb8b,Thomas,1,2,4,1
1835,677d856e8640497613a5eb8b,basil,9,4,10,5
1836,677d856e8640497613a5eb8b,renz,3,3,3,3
1837,677d856e8640497613a5eb8b,ej,7,3,3,4
1838,677d856e8640497613a5eb8c,renz,7,10,10,7
1839,677d856e8640497613a5eb8c,basil,8,6,10,7
1840,677d856e8640497613a5eb8c,ej,5,5,5,5
1841,677d856e8640497613a5ebcb,Thomas,8,7,8,8
1842,677d856e8640497613a5ebcb,sona,5,5,5,5
1843,677d856e8640497613a5ebcb,renz,9,6,6,6
1844,677d856e8640497613a5ebcb,ej,9,9,10,9
1845,677d856e8640497613a5ebcb,basil,10,6,10,7
1846,677d856e8640497613a5ebd3,Thomas,10,8,8,8
1847,677d856e8640497613a5ebd3,renz,10,8,7,7
1848,677d856e8640497613a5ebd3,ej,10,10,10,10
1849,677d856e8640497613a5ebd3,basil,10,10,10,10
1850,677d856e8640497613a5ebd6,Thomas,9,7,9,7
1851,677d856e8640497613a5ebd6,renz,5,8,10,6
1852,677d856e8640497613a5ebd6,basil,10,8,9,8
1853,677d856e8640497613a5ebd6,ej,10,8,10,9
1854,677d856e8640497613a5ebf0,basil,7,10,10,8
1855,677d856e8640497613a5ebf0,renz,8,10,10,8
1856,677d856e8640497613a5ebf0,ej,8,10,10,9
1857,677d856e8640497613a5ebfa,sona,10,4,5,4
1858,677d856e8640497613a5ebfa,Thomas,4,5,5,4
1859,677d856e8640497613a5ebfa,ej,4,7,6,7
1860,677d856e8640497613a5ebfa,basil,8,4,10,5
1861,677d856e8640497613a5ebfa,renz,3,6,7,4
1862,677d856e8640497613a5ec0d,Thomas,10,10,10,10
1863,677d856e8640497613a5ec0d,renz,10,9,9,10
1864,677d856e8640497613a5ec0d,basil,10,10,10,10
1865,677d856e8640497613a5ec0d,ej,10,10,10,10
1866,677d856e8640497613a5ebfd,ej,10,9,9,9
1867,677d856e8640497613a5ebfd,renz,8,3,3,4
1868,677d856e8640497613a5ebfd,basil,10,4,6,5
1869,677d856e8640497613a5ec09,renz,10,10,10,10
1870,677d856e8640497613a5ec09,ej,10,10,10,10
1871,677d856e8640497613a5ec09,basil,10,10,10,10
1872,677d856e8640497613a5ec0b,Thomas,10,4,6,7
1873,677d856e8640497613a5ec0b,sona,10,3,5,4
1874,677d856e8640497613a5ec0b,renz,10,4,10,6
1875,677d856e8640497613a5ec0b,basil,10,6,5,6
1876,677d856e8640497613a5ec0b,ej,10,8,8,9
1877,677d856e8640497613a5ec12,Thomas,10,8,8,9
1878,677d856e8640497613a5ec12,sona,10,9,7,7
1879,677d856e8640497613a5ec12,basil,10,7,6,7
1880,677d856e8640497613a5ec12,renz,10,10,10,10
1881,677d856e8640497613a5ec12,ej,10,10,10,10
1882,677d856e8640497613a5ec11,sona,10,9,10,9
1883,677d856e8640497613a5ec11,Thomas,10,8,9,9
1884,677d856e8640497613a5ec11,basil,10,10,10,10
1885,677d856e8640497613a5ec11,ej,10,10,10,10
1886,677d856e8640497613a5ec11,renz,10,9,9,9
1887,677d856e8640497613a5ec13,Thomas,10,9,9,9
1888,677d856e8640497613a5ec13,basil,10,6,7,6
1889,677d856e8640497613a5ec13,ej,8,9,9,9
1890,677d856e8640497613a5ec13,renz,10,6,7,6
1891,677d856e8640497613a5ec00,Thomas,10,10,10,10
1892,677d856e8640497613a5ec00,ej,10,10,9,10
1893,677d856e8640497613a5ec00,renz,10,10,9,9
1894,677d856e8640497613a5ec00,basil,10,10,10,10
1895,677d856e8640497613a5ec16,Thomas,7,6,9,5
1896,677d856e8640497613a5ec16,ej,10,9,10,10
1897,677d856e8640497613a5ec16,renz,9,9,9,9
1898,677d856e8640497613a5ec16,basil,6,5,10,5
1899,677d856e8640497613a5ebfb,Thomas,10,9,8,9
1900,677d856e8640497613a5ebfb,renz,10,9,9,10
1901,677d856e8640497613a5ebfb,ej,10,8,7,8
1902,677d856e8640497613a5ebfb,basil,10,7,8,8
1903,677d856e8640497613a5ec01,sona,10,9,8,9
1904,677d856e8640497613a5ec01,renz,10,9,9,10
1905,677d856e8640497613a5ec01,ej,9,9,9,9
1906,677d856e8640497613a5ec01,basil,10,4,9,6
1907,677d856e8640497613a5ec06,sona,10,9,9,9
1908,677d856e8640497613a5ec06,Thomas,10,10,10,10
1909,677d856e8640497613a5ec06,basil,10,7,10,8
1910,677d856e8640497613a5ec06,renz,9,10,10,10
1911,677d856e8640497613a5ec06,ej,10,10,10,10
1912,677d856e8640497613a5ec08,sona,2,2,7,3
1913,677d856e8640497613a5ec08,basil,0,3,10,0
1914,677d856e8640497613a5ec08,ej,2,8,7,3
1915,677d856e8640497613a5ec08,renz,1,9,9,1
1916,677d856e8640497613a5ec0e,Thomas,7,6,8,7
1917,677d856e8640497613a5ec0e,renz,10,6,6,6
1918,677d856e8640497613a5ec0e,ej,10,8,8,8
1919,677d856e8640497613a5ec0e,basil,10,10,10,10
1920,677d856e8640497613a5ec0c,Thomas,10,3,4,4
1921,677d856e8640497613a5ec0c,renz,9,9,9,9
1922,677d856e8640497613a5ec0c,ej,10,8,9,8
1923,677d856e8640497613a5ec0c,basil,10,7,10,8
1924,677d856e8640497613a5ebfe,Thomas,2,3,8,2
1925,677d856e8640497613a5ebfe,renz,1,9,9,1
1926,677d856e8640497613a5ebfe,ej,4,7,9,6
1927,677d856e8640497613a5ebfe,basil,3,5,10,4
1928,677d856e8640497613a5ec03,Thomas,9,7,7,7
1929,677d856e8640497613a5ec03,sona,6,6,5,6
1930,677d856e8640497613a5ec03,ej,9,7,10,8
1931,677d856e8640497613a5ec03,renz,5,8,8,5
1932,677d856e8640497613a5ec03,basil,10,5,10,5
1933,677d856e8640497613a5ec07,sona,3,2,3,3
1934,677d856e8640497613a5ec07,ej,9,10,10,10
1935,677d856e8640497613a5ec07,renz,8,7,10,8
1936,677d856e8640497613a5ec07,basil,10,10,10,10
1937,677d856e8640497613a5ebff,Thomas,9,7,8,8
1938,677d856e8640497613a5ebff,renz,10,8,10,9
1939,677d856e8640497613a5ebff,basil,10,7,10,8
1940,677d856e8640497613a5ebff,ej,10,8,9,10
1941,677d856e8640497613a5ec15,Thomas,7,6,7,6
1942,677d856e8640497613a5ec15,sona,10,7,5,7
1943,677d856e8640497613a5ec15,ej,9,10,9,9
1944,677d856e8640497613a5ec15,basil,8,8,9,7
1945,677d856e8640497613a5ec15,renz,8,8,8,8
1946,677d856e8640497613a5ebfc,ej,7,3,3,4
1947,677d856e8640497613a5ebfc,basil,10,5,10,6
1948,677d856e8640497613a5ebfc,renz,1,2,3,2
1949,677d856e8640497613a5ec02,Thomas,10,9,9,9
1950,677d856e8640497613a5ec02,renz,10,4,6,5
1951,677d856e8640497613a5ec02,basil,10,6,10,7
1952,677d856e8640497613a5ec02,ej,10,7,6,7
1953,677d856e8640497613a5ec0f,ej,10,10,10,10
1954,677d856e8640497613a5ec0f,renz,9,10,10,10
1955,677d856e8640497613a5ec0f,basil,9,8,10,9
1956,677d856e8640497613a5ec05,Thomas,7,7,8,7
1957,677d856e8640497613a5ec05,renz,9,10,10,9
1958,677d856e8640497613a5ec05,basil,10,7,7,7
1959,677d856e8640497613a5ec05,ej,10,10,10,10
1960,677d856e8640497613a5ec10,sona,10,9,9,9
1961,677d856e8640497613a5ec10,Thomas,10,10,10,10
1962,677d856e8640497613a5ec10,renz,10,10,10,10
1963,677d856e8640497613a5ec10,ej,10,10,10,10
1964,677d856e8640497613a5ec10,basil,10,10,10,10
